,name,price,company
0,Enziclor 0.15%+0.2% Mouthwash 240.0 ml,Rs. 277.52,Platinum Pharmaceuticals (Pvt) Ltd
1,Lignocaine 2% Gel 15.0 gm,Rs. 40.29,Lahore Chemical & Pharmaceutical Works
2,"Nilstat 100,000IU/ml Drop 50.0 ml",Rs. 114.03,ICI Pharma
3,"Myconil 100,000IU/ml Drop 30.0 ml",Rs. 72.16,Amson Vaccines & Pharma (Pvt) Ltd
4,Revomet Antibacterial Oral 1% Gel 40.0 gm,Rs. 236.49,Kaizen Pharma
5,Gia 550mg Tablet 10.0 'S,Rs. 101.73,Hiranis Pharmaceuticals (Pvt) Ltd
6,Dr. Mom Drop 20.0 ml,Rs. 263.12,Himont Pharma
7,Ruvastat 10mg Tablet 10.0 'S,Rs. 287,Abbott Laboratories
8,Celtis IV 250mg Injection 1.0 vial,Rs. 135,Shaigan Pharmaceuticals
9,Cresar-H 40/12.5mg Tablet 14.0 'S,Rs. 221.76,Tabros Pharma (Pvt) Ltd
10,Daploz-Met 5/1000mg Tablet 7.0 'S,Rs. 300,Highnoon Pharma
11,Neuneel 500mg Capsule 10.0 'S,Rs. 833.33,Gestirn Healthcare
12,Preterax 2mg/0.625mg Tablet 10.0 'S,Rs. 279.59,Servier
13,Winspat DS 100mg Tablet 14.0 'S,Rs. 620,Forecare
14,Molox 400mg Tablet 5.0 'S,Rs. 330,Ccl Pharma
15,Rhinex-P Syrup 120.0 ml,Rs. 90.64,Opal Laboratories
16,Colgate Total Charcoal Deep Clean Toothpaste 100.0 gm,Rs. 160.04,Colgate-Palmolive
17,Amlod-P 10mg+8mg Tablet 10.0 'S,Rs. 220,Atco Lab Pharma
18,Stilnox 10mg Tablet 10.0 'S,Rs. 256.87,Sanofi-aventis
19,Loud 250mg Tablet 10.0 'S,Rs. 317,Sigma Pharma International
20,Prelox DS 200mg Tablet 10.0 'S,Rs. 352,Bosch Pharma
21,Cilenem 500mg Injection 1.0 vial,Rs. 1012,Genix Pharma
22,Nerison Fatty 0.10% Ointment 10.0 gm,Rs. 287.90,Bayer Health Care
23,Qutyl XR 200mg Tablet 10.0 'S,Rs. 405,Ccl Pharma
24,Hiloric 80mg Tablet 10.0 'S,Rs. 176,Highnoon Pharma
25,Orlis 120mg Capsule 5.0 'S,Rs. 256.67,Ferozsons Laboratories Ltd
26,Tinostol Sachet 1.0 'S,Rs. 1760,Bristol Mayer Biotech Pakistan
27,Orslim 120mg Capsule 10.0 'S,Rs. 704,PharmEvo
28,Abnil 120mg Capsule 30.0 'S,Rs. 1349.92,AGP Pharma
29,Gabiun 75mg Capsule 7.0 'S,Rs. 282,Standpharm Pakistan Pvt Ltd
30,Pregy 25mg Capsule 14.0 'S,Rs. 170.72,Sami Pharma
31,Neogab 300mg Capsule 10.0 'S,Rs. 282.83,Hilton Pharma
32,Mexamine 500mcg/ml Injection 1.0 ml,Rs. 43.91,Asian Continental
33,Dulan 30mg Capsule 10.0 'S,Rs. 303.6,Hilton Pharma
34,Hilin 150mg Capsule 7.0 'S,Rs. 178.64,Highnoon Pharma
35,Biocobal 500mcg Injection 1.0 amp,Rs. 58.08,High-Q Pharma
36,Prelin 75mg Capsule 7.0 'S,Rs. 163.94,Martin Dow
37,MylAxon 500mcg Tablet 10.0 'S,Rs. 271.33,Barrett Hodgson
38,Xilica 25mg Capsule 7.0 'S,Rs. 75.24,PharmEvo
39,Duzalta 20mg Capsule 7.0 'S,Rs. 172.48,PharmEvo
40,Mecovate 500mcg Tablet 10.0 'S,Rs. 80.32,AGP Pharma
41,Xilica 150mg Capsule 7.0 'S,Rs. 218.29,PharmEvo
42,Duzalta 60mg Capsule 5.0 'S,Rs. 198,PharmEvo
43,Xilica 100mg Capsule 7.0 'S,Rs. 170.72,PharmEvo
44,Hilin 75mg Capsule 7.0 'S,Rs. 257.04,Highnoon Pharma
45,Xilica 50mg Capsule 7.0 'S,Rs. 130.35,PharmEvo
46,Duzalta 30mg Capsule 7.0 'S,Rs. 197.12,PharmEvo
47,Lyta 20mg Capsule 7.0 'S,Rs. 166.32,Getz Pharma
48,Gabica 50mg Capsule 7.0 'S,Rs. 175.56,Getz Pharma
49,Onseron 8mg Injection 4.0 ml,Rs. 167.2,Indus Pharma
50,Digas Classic Tablet 120.0 'S,Rs. 116.16,Medic Laboratories
51,Domel 10mg Tablet 10.0 'S,Rs. 60.21,Barrett Hodgson
52,Bismol 88mg/5ml Suspension 120.0 ml,Rs. 72.44,Macter Pharma
53,Metomide 10mg Tablet 20.0 'S,Rs. 18.13,Ccl Pharma
54,Gravinate 50mg Tablet 10.0 'S,Rs. 11.35,Searle Pharma
55,Tepride 50mg Tablet 10.0 'S,Rs. 176,Shaigan Pharmaceuticals
56,Onseron 4mg/5ml Syrup 25.0 ml,Rs. 235,Indus Pharma
57,Domel 5mg/5ml Suspension 60.0 ml,Rs. 58.96,Barrett Hodgson
58,Lepride 25mg Tablet 10.0 'S,Rs. 82.50,Helix Pharma
59,Metomide 5mg/5ml Syrup 50.0 ml,Rs. 37.84,Ccl Pharma
60,Navidoxine 25mg+50mg Tablet 10.0 'S,Rs. 34.53,AGP Pharma
61,Gravinate 12.5mg/4ml Syrup 60.0 ml,Rs. 35.76,Searle Pharma
62,Regasta 50mg Tablet 10.0 'S,Rs. 228.8,Getz Pharma
63,Onset 8mg Injection 4.0 ml,Rs. 149,Pharmedic Laboratories (Pvt) Ltd
64,Peridone 10mg Tablet 30.0 'S,Rs. 165.84,Sami Pharma
65,Xyquil DR 10mg+10mg Tablet 10.0 'S,Rs. 55.73,Sami Pharma
66,Lepride 50mg Tablet 10.0 'S,Rs. 110,Helix Pharma
67,Metomide 10mg Injection 2.0 ml,Rs. 24.22,Ccl Pharma
68,Metoclon 10mg Tablet 10.0 'S,Rs. 14.96,Indus Pharma
69,Xynosine CF Nasal 0.05% Drop 15.0 ml,Rs. 31.68,Zafa Pharmaceutical Laboratories (Pvt) Ltd
70,Rinoclenil Nasal (aq) 100mcg Spray 1.0 'S,Rs. 650.16,Chiesi Pharmaceuticals
71,Xynosine Aq Adult Nasal Spray 15.0 ml,Rs. 39.91,Zafa Pharmaceutical Laboratories (Pvt) Ltd
72,Avamys 27.5mcg Spray 120.0 'S,Rs. 5523.95,GSK Consumer Healthcare
73,Norsaline-P Nasal 0.90% Spray 30.0 ml,Rs. 47.7,Atco Lab Pharma
74,Ticovate 0.01% Ointment 10.0 gm,Rs. 134.05,Saffron Pharmaceuticals (Pvt) Ltd.
75,Arinac Suspension 120.0 ml,Rs. 89.30,Abbott Laboratories
76,Pacific's Pain Relief Rub Cream 50.0 gm,Rs. 212,Pacific Pharmaceuticals Ltd
77,Fexet 60mg Tablet 10.0 'S,Rs. 118.84,Getz Pharma
78,Oxycrom Nasal 2%+0.025% Spray 15.0 ml,Rs. 234.05,Sante Pharma
79,Fexet 180mg Tablet 10.0 'S,Rs. 235.4,Getz Pharma
80,Rhinosone-P Nasal Spray 15.0 ml,Rs. 110.94,Schazoo Pharmaceutical Laboratories (Pvt) Ltd
81,Ticovate 0.05% Cream 10.0 gm,Rs. 134.05,Saffron Pharmaceuticals (Pvt) Ltd.
82,Norsaline-P Nasal 0.90% Drop 30.0 ml,Rs. 42.74,Atco Lab Pharma
83,Linkus Herbion Inhaler Inhaler 1.0 'S,Rs. 63.75,Herbion Naturals
84,Fexet 120mg Tablet 10.0 'S,Rs. 190.08,Getz Pharma
85,Ticovate 0.05% Lotion 20.0 ml,Rs. 249.52,Saffron Pharmaceuticals (Pvt) Ltd.
86,Flixonase Aqueous Nasal 50mcg Spray 15.0 ml,Rs. 547.76,GSK Consumer Healthcare
87,Nasomet Nasal 50mcg Spray 140.0 'S,Rs. 555.79,Sante Pharma
88,Dipcort 2%+1% Cream 15.0 gm,Rs. 75.68,Pharma Health Pakistan (Pvt) Ltd
89,Eperinal Tablet 10.0 'S,Rs. 325.6,LEO Pharma
90,Musidin 4mg Tablet 10.0 'S,Rs. 212.92,Martin Dow
91,Dytra Forte 80mg Tablet 10.0 'S,Rs. 46.55,Tabros Pharma (Pvt) Ltd
92,Spasrid Tablet 10.0 'S,Rs. 194.73,Barrett Hodgson
93,Zeespa 135mg Tablet 10.0 'S,Rs. 56.61,Shaigan Pharmaceuticals
94,Spadix Injection 4.0 ml,Rs. 44,Tabros Pharma (Pvt) Ltd
95,Epizolam 7.5mg Tablet 10.0 'S,Rs. 101.25,Pacific Pharmaceuticals Ltd
96,Buscopan Plus 10mg+500mg Tablet 10.0 'S,Rs. 49.36,Merck Pharma
97,Musidin SR 6mg Capsule 10.0 'S,Rs. 385.12,Martin Dow
98,Relispa 40mg Tablet 10.0 'S,Rs. 54.64,Searle Pharma
99,Muscolin 4mg Capsule 10.0 'S,Rs. 190,Saffron Pharmaceuticals (Pvt) Ltd.
100,No-Spa 40mg/2ml Ampule 2.0 ml,Rs. 50.97,Sanofi-aventis
101,Tandolax 2mg Tablet 10.0 'S,Rs. 108,High-Q Pharma
102,Ternelin 2mg Tablet 10.0 'S,Rs. 211.2,Novartis
103,Ezoside 4mg Capsule 10.0 'S,Rs. 532.29,Akhai Pharmaceuticals
104,Provas-N Forte 650mg+50mg Tablet 10.0 'S,Rs. 105.6,Sami Pharma
105,Anapaz 125mcg/ml Drop 10.0 ml,Rs. 47.92,Hilton Pharma
106,Tenz 4mg Tablet 10.0 'S,Rs. 195,S.J.Fazal Elahi (Pvt) Ltd
107,Mevrin-135 135mg Tablet 10.0 'S,Rs. 72,S.J.Fazal Elahi (Pvt) Ltd
108,Spasfon 4ML Ampule 1.0 'S,Rs. 114.91,Himont Pharma
109,Thiolax 4mg/2ml Ampule 2.0 ml,Rs. 444.34,S.J.Fazal Elahi (Pvt) Ltd
110,Requip 2mg Tablet 7.0 'S,Rs. 1061.28,GSK Consumer Healthcare
111,Piractim 1gm/5ml Syrup 120.0 ml,Rs. 336.66,Global Pharmaceuticals (Pvt) Ltd
112,Pletaal 50mg Tablet 10.0 'S,Rs. 326.67,Otsuka Pakistan (Pvt) Ltd
113,Requip 1mg Tablet 7.0 'S,Rs. 242.88,GSK Consumer Healthcare
114,Piractim 1gm/5ml Injection 5.0 ml,Rs. 26.59,Global Pharmaceuticals (Pvt) Ltd
115,Pletaal 100mg Tablet 10.0 'S,Rs. 538.32,Otsuka Pakistan (Pvt) Ltd
116,Requip 0.25mg Tablet 7.0 'S,Rs. 97.68,GSK Consumer Healthcare
117,Ronirol 0.25mg Tablet 7.0 'S,Rs. 96.8,Hilton Pharma
118,Benzirin Oral Rinse 0.15% Liquid 240.0 ml,Rs. 138.42,Angelini Pharmaceuticals (Pvt) Ltd
119,Enziclor 0.15%+0.2% Mouthwash 240.0 ml,Rs. 277.52,Platinum Pharmaceuticals (Pvt) Ltd
120,Solophar Oral Spray 50.0 ml,Rs. 569.97,Himont Pharma
121,Lignocaine 2% Gel 15.0 gm,Rs. 40.29,Lahore Chemical & Pharmaceutical Works
122,Panadol Extra Tablet 10.0 'S,Rs. 19.90,GSK Consumer Healthcare
123,Diagesic Plus 50mg Capsule 10.0 'S,Rs. 67.34,Wilson's Pharma
124,Epitoin 30mg/5ml Suspension 120.0 ml,Rs. 83.96,Adamjee Pharma Services
125,Panadol Extend 665mg Tablet 10.0 'S,Rs. 56.84,GSK Consumer Healthcare
126,Dapakan 250mg Suspension 120.0 ml,Rs. 128.04,Platinum Pharmaceuticals (Pvt) Ltd
127,Topmate 50mg Tablet 10.0 'S,Rs. 250,Bio Kinase
128,Mosegor 0.5mg/5ml Syrup 120.0 ml,Rs. 152.24,Novartis
129,Brexin 20mg Tablet 10.0 'S,Rs. 189.2,Chiesi Pharmaceuticals
130,Merol 100mg Tablet 10.0 'S,Rs. 75.28,Atco Lab Pharma
131,Dolonap 250mg Tablet 10.0 'S,Rs. 68.93,Platinum Pharmaceuticals (Pvt) Ltd
132,Hitop 25mg Tablet 10.0 'S,Rs. 211.2,Hilton Pharma
133,Stemetil 5mg Tablet 50.0 'S,Rs. 34.76,Sanofi-aventis
134,Topirama 25mg Tablet 10.0 'S,Rs. 203.28,Platinum Pharmaceuticals (Pvt) Ltd
135,Ceregin 1.5mg Tablet 30.0 'S,Rs. 241.12,Platinum Pharmaceuticals (Pvt) Ltd
136,Flexin 500mg Tablet 10.0 'S,Rs. 145.71,Abbott Laboratories
137,Toprate 25mg Tablet 10.0 'S,Rs. 475.2,Horizon Pharma
138,Topiro 50mg Tablet 10.0 'S,Rs. 1173.15,Adamjee Pharma Services
139,Neugast 25mg Capsule 14.0 'S,Rs. 135.52,S.J.Fazal Elahi (Pvt) Ltd
140,Neugast 50mg Capsule 14.0 'S,Rs. 212,S.J.Fazal Elahi (Pvt) Ltd
141,Topagen 100mg Tablet 30.0 'S,Rs. 2618,Genetics Pharma
142,Sinaxamol 450mg+35mg Tablet 10.0 'S,Rs. 48.84,AGP Pharma
143,Ponstan Forte 500mg Tablet 10.0 'S,Rs. 29.29,Pfizer
144,Wilgesic 450mg+35mg Tablet 10.0 'S,Rs. 38.77,Wilson's Pharma
145,Brexin 20mg Tablet 10.0 'S,Rs. 189.2,Chiesi Pharmaceuticals
146,Fattyvit 500mg Capsule 10.0 'S,Rs. 215.6,Gerishon
147,Dolonap EC 500mg Tablet 10.0 'S,Rs. 114.4,Platinum Pharmaceuticals (Pvt) Ltd
148,Bludol 200mg Tablet 10.0 'S,Rs. 24.29,Standpharm Pakistan Pvt Ltd
149,Vita-6 50mg Tablet 10.0 'S,Rs. 26.62,Chas. A. Mendoza
150,Duragesic Forte 650mg+50mg Tablet 10.0 'S,Rs. 59.3,Tabros Pharma (Pvt) Ltd
151,Neoprox 500mg Tablet 10.0 'S,Rs. 86.34,Martin Dow
152,Neoprox 250mg Tablet 10.0 'S,Rs. 44.88,Merck Pharma
153,Nuzib 100mg Capsule 10.0 'S,Rs. 74.8,Bosch Pharma
154,Maxna 1gm Injection 10.0 ml,Rs. 154.68,AGP Pharma
155,Transamin 500mg Capsule 10.0 'S,Rs. 223.7,Hilton Pharma
156,Progeffik 200mg Capsule 15.0 'S,Rs. 1372.83,RG Pharma
157,Gynaecosid 0.3mg+5mg Tablet 2.0 'S,Rs. 48.4,Efroze
158,Cyclodex 20mg Tablet 10.0 'S,Rs. 111.32,Platinum Pharmaceuticals (Pvt) Ltd
159,Cyclogest Pessary 200mg Pessaries 5.0 'S,Rs. 640.9,Actavis
160,Maxna 500mg Capsule 10.0 'S,Rs. 155.76,AGP Pharma
161,Paromax CR 37.5mg Tablet 10.0 'S,Rs. 344.08,Genetics Pharma
162,Artem DS Plus 80mg+480mg Tablet 6.0 'S,Rs. 453.46,Hilton Pharma
163,HCQ 200mg Tablet 10.0 'S,Rs. 121.22,Getz Pharma
164,Artelum 90mg/15ml Suspension 30.0 ml,Rs. 106.48,Woodwards
165,Qmetem Plus DS 80mg+480mg Tablet 6.0 'S,Rs. 374,Bosch Pharma
166,Fansidar 500mg+25mg Tablet 10.0 'S,Rs. 1428,Martin Dow
167,Rotrif 15mg+90mg/5ml Suspension 60.0 ml,Rs. 231.53,Sigma Pharma International
168,Co-Mether DS 40mg+240mg Tablet 8.0 'S,Rs. 293.92,Helix Pharma
169,Arceva 15mg+90mg/5ml Suspension 60.0 ml,Rs. 254.67,Sami Pharma
170,Arceva 15mg+90mg/5ml Suspension 30.0 ml,Rs. 112.06,Sami Pharma
171,Malera DS 40mg/240mg Tablet 8.0 'S,Rs. 304.1,Barrett Hodgson
172,Rotrif DS 30mg+180mg/5ml Suspension 60.0 ml,Rs. 396.25,Sigma Pharma International
173,Artheget DS 40mg+240mg Tablet 8.0 'S,Rs. 319.73,Getz Pharma
174,Arceva 40mg+240mg Tablet 8.0 'S,Rs. 328.71,Sami Pharma
175,One-3 80mg+480mg Tablet 6.0 'S,Rs. 424.41,High-Q Pharma
176,Gen-M 30mg Ampule 2.5 ml,Rs. 95.66,Genix Pharma
177,Artem Plus 15mg+90mg Suspension 60.0 ml,Rs. 306.10,Hilton Pharma
178,One-3 40mg+240mg Tablet 8.0 'S,Rs. 339.53,High-Q Pharma
179,One-3 20mg+120mg Tablet 8.0 'S,Rs. 205.78,High-Q Pharma
180,Plaquin-H 200mg Tablet 10.0 'S,Rs. 133.40,Macter Pharma
181,Gen-M 15mg+90mg/5ml Suspension 60.0 ml,Rs. 243.41,Genix Pharma
182,Ceflactam 1000mg Injection 1.0 vial,Rs. 289.20,Barrett Hodgson
183,Ultima 125mg/5ml Drop 25.0 ml,Rs. 127.99,Macter Pharma
184,Gen-Cipro 250mg Tablet 10.0 'S,Rs. 125,Brookes Pharma
185,Avelox 400mg/250ml Injection 250.0 ml,"Rs. 1,697.56",Bayer Health Care
186,Zeftrox IV 1gm Injection 1.0 vial,Rs. 185,Zafa Pharmaceutical Laboratories (Pvt) Ltd
187,Ultima 500mg Tablet 5.0 'S,Rs. 490,Macter Pharma
188,Cefalor 250mg Capsule 6.0 'S,Rs. 162.50,Bosch Pharma
189,Cefstar 250mg Injection 5.0 ml,Rs. 194.81,Barrett Hodgson
190,Penbritin 500mg Capsule 20.0 'S,Rs. 177.99,GSK Consumer Healthcare
191,Qumic IV 500mg Injection 100.0 ml,Rs. 281.6,Bosch Pharma
192,Co-Amoxi 625mg Tablet 6.0 'S,Rs. 175.44,Macter Pharma
193,Ofloxin 200mg Tablet 10.0 'S,Rs. 140.8,Werrick Pharma
194,Maxima Dry 100mg/5ml Suspension 30.0 ml,Rs. 205,Macter Pharma
195,Ceflactam 500mg Injection 1.0 vial,Rs. 170.89,Barrett Hodgson
196,Nezolid 600mg Tablet 4.0 'S,Rs. 322.5,Searle Pharma
197,Ultima 250mg Tablet 10.0 'S,Rs. 350,Macter Pharma
198,Amclav 62.5mg/ml Drop 20.0 ml,Rs. 171.98,Getz Pharma
199,Formiget DPI 400/12mcg Capsule 10.0 'S,Rs. 108.83,Getz Pharma
200,Bekson Forte HFA Inhaler 250mcg Inhaler 1.0 'S,Rs. 455.8,Getz Pharma
201,Cipesta 250mg Tablet 10.0 'S,Rs. 167.25,Getz Pharma
202,Synephrine 10mg/ml Ampule 1.0 ml,Rs. 49.67,Atco Lab Pharma
203,Tenofo-B 300mg Tablet 30.0 'S,Rs. 3036,Getz Pharma
204,Nixaf 200mg Tablet 10.0 'S,Rs. 264,Sami Pharma
205,Ceforal-3 400mg Capsule 5.0 'S,Rs. 302.79,Zafa Pharmaceutical Laboratories (Pvt) Ltd
206,Lacasil 10gm/15ml Syrup 120.0 ml,Rs. 202.4,Sami Pharma
207,Cinklare 100mg/5ml Suspension 30.0 ml,Rs. 176,AGP Pharma
208,Epuram Tablet 10.0 'S,Rs. 74.53,Macter Pharma
209,Medigyl IV 0.50% Injection 100.0 ml,Rs. 100.91,Medipak Limited
210,Ruwin 100mg/5ml Suspension 30.0 ml,Rs. 149.6,Shaigan Pharmaceuticals
211,Aminovel 600 Injection 500.0 ml,Rs. 724.49,Otsuka Pakistan (Pvt) Ltd
212,Cefim 200mg Capsule 10.0 'S,Rs. 391.6,Hilton Pharma
213,Rifaxa 200mg Tablet 10.0 'S,Rs. 242,Ferozsons Laboratories Ltd
214,Linzim 200mg Suspension 30.0 ml,Rs. 265,Bosch Pharma
215,Heptocam Capsule 10.0 'S,Rs. 87.96,Chas. A. Mendoza
216,Jetepar Syrup 112.0 ml,Rs. 220,Popular Chemical Works (Pvt) Ltd
217,Epuram Suspension 120.0 ml,Rs. 225.83,Macter Pharma
218,Hepa-Merz 5gm/10ml Injection 10.0 ml,Rs. 294.8,Brookes Pharma
219,Enervin Syrup 120.0 ml,Rs. 190.08,Genix Pharma
220,Laxitol 10gm/15ml Syrup 120.0 ml,Rs. 200,Ccl Pharma
221,Foxamine 550mg Tablet 10.0 'S,Rs. 616,Ccl Pharma
222,Ferotein S 100mg/5ml Ampule 5.0 ml,Rs. 1408,Getz Pharma
223,Lotrix 5% Cream 30.0 gm,Rs. 82.12,GSK Consumer Healthcare
224,Malin 5% Lotion 60.0 ml,Rs. 94.6,Mass Pharma (Pvt) Ltd
225,Malin 5% Lotion 120.0 ml,Rs. 179.74,Mass Pharma (Pvt) Ltd
226,Scabfree 5% Cream 30.0 gm,Rs. 68.15,Atco Lab Pharma
227,Lotrix 5% Lotion 60.0 ml,Rs. 106,GSK Consumer Healthcare
228,Ivermite 6mg Tablet 10.0 'S,Rs. 330,Atco Lab Pharma
229,Viloc Infusion 200mg Injection 100.0 ml,Rs. 157.52,Standpharm Pakistan Pvt Ltd
230,Irecon 75mg Tablet 10.0 'S,Rs. 127.6,Barrett Hodgson
231,Citralka 1.315gm/5ml Liquid 120.0 ml,Rs. 52.08,ICI Pharma
232,K-Ston 10mEq Tablet 30.0 'S,Rs. 558.79,Ccl Pharma
233,Novatec 5mg Tablet 10.0 'S,Rs. 85.19,OBS Pharma
234,Tansin DS 100mg Tablet 10.0 'S,Rs. 220.88,PharmEvo
235,Amplus 500mg Injection 1.0 vial,Rs. 87.51,Bosch Pharma
236,Tritace 5mg Tablet 14.0 'S,Rs. 338.99,Sanofi-aventis
237,Ramipace 1.25mg Tablet 14.0 'S,Rs. 129.04,PharmEvo
238,Qsartan 50mg Tablet 10.0 'S,Rs. 254.76,High-Q Pharma
239,Zestril 10mg Tablet 14.0 'S,Rs. 261.54,ICI Pharma
240,Ramipace 5mg Tablet 14.0 'S,Rs. 483.39,PharmEvo
241,Cefotax 0.25gm Injection 1.0 vial,Rs. 64.24,Bosch Pharma
242,Arbi 300mg Tablet 10.0 'S,Rs. 374.77,PharmEvo
243,Eziday 25mg Tablet 20.0 'S,Rs. 203.97,Werrick Pharma
244,Aldactone 100mg Tablet 10.0 'S,Rs. 95.45,Searle Pharma
245,Orthofenac-SR 100mg Tablet 15.0 'S,Rs. 261.36,Bosch Pharma
246,Xavor 25mg Tablet 10.0 'S,Rs. 84.18,Ferozsons Laboratories Ltd
247,Orthofenac 50mg Tablet 20.0 'S,Rs. 108.5,Bosch Pharma
248,Ferotein S 100mg/5ml Ampule 5.0 ml,Rs. 1408,Getz Pharma
249,Dicloran 1% Gel 20.0 gm,Rs. 99.82,Sami Pharma
250,Acelish 100mg Tablet 10.0 'S,Rs. 45.76,Platinum Pharmaceuticals (Pvt) Ltd
251,Aventriax IV 1gm Injection 5.0 ml,Rs. 194.48,Sanofi-aventis
252,Deact 1gm Injection 1.0 vial,Rs. 263.12,Standpharm Pakistan Pvt Ltd
253,Decadron 4mg Injection 1.0 ml,Rs. 20.43,OBS Pharma
254,Lenwin 500mg Capsule 12.0 'S,Rs. 211.61,Getz Pharma
255,Flexin 500mg Tablet 10.0 'S,Rs. 145.71,Abbott Laboratories
256,M-Com 15mg Tablet 10.0 'S,Rs. 242.88,Wilshire Pharma
257,Maxef IV 500mg Injection 1.0 vial,Rs. 184.8,Indus Pharma
258,Nivador 250mg Injection 1.0 vial,Rs. 98.43,Sami Pharma
259,Wintogeno Balm 12.17% Ointment 50.0 gm,Rs. 75.24,Merck Pharma
260,Vinjec 500mg Injection 1.0 vial,Rs. 924,Bosch Pharma
261,Antiflam 75mg Tablet 10.0 'S,Rs. 83.33,Wilshire Pharma
262,Lefanor 20mg Tablet 10.0 'S,Rs. 400,Macter Pharma
263,Orthofenac-SR 100mg Tablet 15.0 'S,Rs. 261.36,Bosch Pharma
264,Arnil 50 50mg Tablet 10.0 'S,Rs. 44,Brookes Pharma
265,Orthofenac 50mg Tablet 20.0 'S,Rs. 108.5,Bosch Pharma
266,Inocef IV 2000mg Injection 1.0 vial,Rs. 619.03,Barrett Hodgson
267,Xoni-Fast 8mg Tablet 10.0 'S,Rs. 209.70,Macter Pharma
268,Cipesta 250mg Tablet 10.0 'S,Rs. 167.25,Getz Pharma
269,Lomis 20mg Tablet 10.0 'S,Rs. 119.68,Tabros Pharma (Pvt) Ltd
270,Artinil-K 75mg Tablet 10.0 'S,Rs. 88,Global Pharmaceuticals (Pvt) Ltd
271,Synalar 0.03% Ointment 30.0 gm,Rs. 109.12,Mass Pharma (Pvt) Ltd
272,Aximox 400mg Tablet 5.0 'S,Rs. 475,Axis Pharmaceuticals
273,Spectrazole Cream 15.0 gm,Rs. 95.04,Mass Pharma (Pvt) Ltd
274,Chymoral Forte 1mg+6mg Tablet 20.0 'S,Rs. 190.96,AGP Pharma
275,Panslay 75mg Tablet 10.0 'S,Rs. 72.9,Scilife Pharma
276,Femicon Eye Drop 5.0 ml,Rs. 82.83,Remington Pharma
277,Artifen 50mg Tablet 10.0 'S,Rs. 51.39,Abbott Laboratories
278,Fucicort 0.1%+2% Cream 15.0 gm,Rs. 413.6,LEO Pharma
279,Cefalor 50mg Drop 15.0 ml,Rs. 119.72,Bosch Pharma
280,Apranax 550mg Tablet 10.0 'S,Rs. 118.72,Martin Dow
281,Artimov-K 50mg Tablet 10.0 'S,Rs. 55,Barrett Hodgson
282,Eplopot 75mg Tablet 10.0 'S,Rs. 457.6,Epharm Laboratories
283,Pred+ Eye 1% Drop 5.0 ml,Rs. 66,Schazoo Pharmaceutical Laboratories (Pvt) Ltd
284,Orthofenac 50mg Tablet 20.0 'S,Rs. 108.5,Bosch Pharma
285,Avelox 400mg/250ml Injection 250.0 ml,"Rs. 1,697.56",Bayer Health Care
286,Hy-Cortisone 100mg Injection 1.0 vial,Rs. 103.17,Cirin Pharmaceuticals (Pvt) Ltd
287,Betnesol Eye 0.10% Drop 7.5 ml,Rs. 52.57,GSK Consumer Healthcare
288,Cipesta 250mg Tablet 10.0 'S,Rs. 167.25,Getz Pharma
289,Ferti-M 75IU Injection 1.0 vial,Rs. 690.95,RG Pharma
290,Clomitab 50mg Tablet 10.0 'S,Rs. 365.07,Nabiqasim Industries(Pvt) Ltd
291,Clomid 50mg Tablet 10.0 'S,Rs. 517.21,Pacific Pharmaceuticals Ltd
292,Tinostol Sachet 1.0 'S,Rs. 1760,Bristol Mayer Biotech Pakistan
293,Cerophene 50mg Tablet 10.0 'S,Rs. 459.8,Hilton Pharma
294,Testofin-F Capsule 7.0 'S,Rs. 104.72,Standpharm Pakistan Pvt Ltd
295,Ferti-M 150IU Injection 1.0 vial,Rs. 1257.32,RG Pharma
296,CQ10 100mg Capsule 10.0 'S,Rs. 563.2,High-Q Pharma
297,Brotin 2.5mg Tablet 10.0 'S,Rs. 135,Shaigan Pharmaceuticals
298,Ovi-F 50mg Tablet 10.0 'S,Rs. 277.89,Martin Dow
299,Prolifen 50mg Capsule 10.0 'S,Rs. 479.6,Chiesi Pharmaceuticals
300,Gen-Levo 500mg Tablet 10.0 'S,Rs. 160,Brookes Pharma
301,Penro 1000mg Injection 1.0 vial,Rs. 2332,Bosch Pharma
302,Tariflox 200mg Tablet 10.0 'S,Rs. 132,Bosch Pharma
303,Maxil 250mg Capsule 10.0 'S,Rs. 45.84,Macter Pharma
304,Grasil 500mg Injection 2.0 ml,Rs. 246.4,Sami Pharma
305,Cefstar 1gm Injection 1.0 vial,Rs. 631,Barrett Hodgson
306,Orpic 250mg Tablet 10.0 'S,Rs. 190.05,Scilife Pharma
307,Zeprocaine Ear 0.3%+5% Drop 5.0 ml,Rs. 126.01,Sante Pharma
308,Inoquin 125mg/5ml Suspension 60.0 ml,Rs. 115.79,Barrett Hodgson
309,Ceflactam 2000mg Injection 1.0 vial,Rs. 451.54,Barrett Hodgson
310,Levocil 250mg Tablet 10.0 'S,Rs. 162.8,Ccl Pharma
311,Cefcom IV/IM 250mg Injection 1.0 vial,Rs. 180.73,Barrett Hodgson
312,Maxima 400mg Capsule 5.0 'S,Rs. 395,Macter Pharma
313,Amclav 1gm Tablet 6.0 'S,Rs. 215.88,Highnoon Pharma
314,Augmentin BD 457mg/5ml Suspension 70.0 ml,Rs. 265.15,GSK Consumer Healthcare
315,Ultima 125mg/5ml Drop 25.0 ml,Rs. 127.99,Macter Pharma
316,Cipesta 250mg Tablet 10.0 'S,Rs. 167.25,Getz Pharma
317,Claritek 125mg/5ml Drop 25.0 ml,Rs. 136.8,Getz Pharma
318,Zetro 250mg Capsule 10.0 'S,Rs. 313.11,Getz Pharma
319,Amclav 62.5mg/ml Drop 20.0 ml,Rs. 171.98,Getz Pharma
320,Sulvorid 25mg Tablet 10.0 'S,Rs. 99.07,High-Q Pharma
321,Gastril Plus Amchoor Sachet 200.0 'S,Rs. 320,Herbion Naturals
322,Crafilm Chewable Tablet 8.0 'S,Rs. 113.72,Pacific Pharmaceuticals Ltd
323,Eno Fruit Salt Regular Sachet 1.0 'S,Rs. 6.64,GSK Consumer Healthcare
324,Levopraid 25mg Tablet 10.0 'S,Rs. 153.97,Pacific Pharmaceuticals Ltd
325,Maxolon 10mg Tablet 20.0 'S,Rs. 28.98,GSK Consumer Healthcare
326,H2F 40mg Tablet 10.0 'S,Rs. 190,Ferozsons Laboratories Ltd
327,Trisil Plus Suspension 120.0 ml,Rs. 50.53,Efroze
328,Peridone 10mg Tablet 30.0 'S,Rs. 165.84,Sami Pharma
329,Ganaton OD 150mg Tablet 10.0 'S,Rs. 364.32,Abbott Laboratories
330,Gastril Plus Anardana Tablet 120.0 'S,Rs. 120,Herbion Naturals
331,Bismol 265mg Tablet 10.0 'S,Rs. 65.33,Macter Pharma
332,Dijex MP Plain Suspension 120.0 ml,Rs. 52.33,Abbott Laboratories
333,Gastril Plus Plain Sachet 200.0 'S,Rs. 400,Herbion Naturals
334,Biflor 250mg Sachet 1.0 'S,Rs. 497.2,Hilton Pharma
335,Comfy Syrup 90.0 ml,Rs. 93.28,Standpharm Pakistan Pvt Ltd
336,Eno Fruit Salt Lemon Sachet 1.0 'S,Rs. 7.91,GSK Consumer Healthcare
337,Lanzit 30mg Capsule 14.0 'S,Rs. 235.84,S.J.Fazal Elahi (Pvt) Ltd
338,Citro Soda Orange Sachet 1.0 'S,Rs. 29.48,Abbott Laboratories
339,Dynetic 50mg Tablet 10.0 'S,Rs. 193.6,Ferozsons Laboratories Ltd
340,Imuran 50mg Tablet 25.0 'S,Rs. 800,Open
341,Mygraf 500mg Tablet 10.0 'S,Rs. 1137.4,Platinum Pharmaceuticals (Pvt) Ltd
342,Premarin 0.3mg Tablet 10.0 'S,Rs. 260.80,Wyeth Pakistan Ltd
343,Brotin 2.5mg Tablet 10.0 'S,Rs. 135,Shaigan Pharmaceuticals
344,Testofin-F Capsule 7.0 'S,Rs. 104.72,Standpharm Pakistan Pvt Ltd
345,Rositol Sachet 1.0 'S,Rs. 70,Bionta Pharma
346,Tinostol Capsule 30.0 'S,Rs. 2112,Bristol Mayer Biotech Pakistan
347,Cerophene 50mg Tablet 10.0 'S,Rs. 459.8,Hilton Pharma
348,Fattyvit 500mg Capsule 10.0 'S,Rs. 215.6,Gerishon
349,Cyclogest Pessary 200mg Pessaries 5.0 'S,Rs. 640.9,Actavis
350,Atorva 20mg Tablet 10.0 'S,Rs. 461.78,Pharmatec Pakistan Pvt Ltd
351,Rovista EZ 20/10mg Tablet 10.0 'S,Rs. 482.40,Getz Pharma
352,Rova 20mg Tablet 10.0 'S,Rs. 352,Bosch Pharma
353,Lastolip 20mg Tablet 10.0 'S,Rs. 528,Wilshire Pharma
354,Delip 10mg Tablet 10.0 'S,Rs. 162.35,Standpharm Pakistan Pvt Ltd
355,Recol 10mg Tablet 10.0 'S,Rs. 199.36,Barrett Hodgson
356,Kestore 5mg Tablet 10.0 'S,Rs. 99.99,Scilife Pharma
357,Rosera 5mg Tablet 10.0 'S,Rs. 114.4,Sami Pharma
358,Fenoget 67mg Capsule 10.0 'S,Rs. 140.8,Getz Pharma
359,Aurora 5mg Tablet 10.0 'S,Rs. 150,Ferozsons Laboratories Ltd
360,Omnitor 20mg Tablet 10.0 'S,Rs. 400,Macter Pharma
361,Simvazaf 20mg Tablet 10.0 'S,Rs. 220.20,Zafa Pharmaceutical Laboratories (Pvt) Ltd
362,Aurora 20mg Tablet 10.0 'S,Rs. 374,Ferozsons Laboratories Ltd
363,Roswin 10mg Tablet 10.0 'S,Rs. 223.34,Martin Dow
364,Simvazaf 10mg Tablet 10.0 'S,Rs. 101.87,Zafa Pharmaceutical Laboratories (Pvt) Ltd
365,Tavist 20mg Tablet 10.0 'S,Rs. 200,Macter Pharma
366,Roswin 5mg Tablet 10.0 'S,Rs. 138.16,Martin Dow
367,Omnitor 5mg Tablet 10.0 'S,Rs. 165,Macter Pharma
368,Roswin 20mg Tablet 10.0 'S,Rs. 400,Martin Dow
369,Rovator 20mg Tablet 10.0 'S,Rs. 369.6,Atco Lab Pharma
370,Co-Extor 5/160/25mg Tablet 14.0 'S,Rs. 358.26,Searle Pharma
371,Xarelto 10mg Tablet 5.0 'S,Rs. 1342,Bayer Health Care
372,Byvas 10mg Tablet 7.0 'S,Rs. 150.14,PharmEvo
373,Telmis 40mg Tablet 14.0 'S,Rs. 281.6,Genix Pharma
374,Hart 6.25mg Tablet 10.0 'S,Rs. 52.50,Macter Pharma
375,Telmis H 40mg+12.5mg Tablet 14.0 'S,Rs. 242,Genix Pharma
376,Misar-AM 10mg+40mg Tablet 7.0 'S,Rs. 185.50,Highnoon Pharma
377,Hytrin 5mg Tablet 10.0 'S,Rs. 1457.83,Abbott Laboratories
378,Co-Olesta 20mg+12.5mg Tablet 10.0 'S,Rs. 206.8,Searle Pharma
379,Telmis-A 10mg+80mg Tablet 7.0 'S,Rs. 231,Genix Pharma
380,Nebivol 2.5mg Tablet 14.0 'S,Rs. 105.6,Tabros Pharma (Pvt) Ltd
381,Co-Valstar 160mg+25mg Tablet 7.0 'S,Rs. 175.55,Ccl Pharma
382,Xarelto 20mg Tablet 14.0 'S,Rs. 3757.6,Bayer Health Care
383,Telmis 20mg Tablet 10.0 'S,Rs. 158.4,Genix Pharma
384,Co-Novatec 20mg+12.5mg Tablet 10.0 'S,Rs. 184.4,OBS Pharma
385,Byvas 2.5mg Tablet 7.0 'S,Rs. 67.73,PharmEvo
386,Xavor 25mg Tablet 10.0 'S,Rs. 84.18,Ferozsons Laboratories Ltd
387,Avsar Plus 320/10/25mg Tablet 7.0 'S,Rs. 98.56,PharmEvo
388,Hytrin 2mg Tablet 10.0 'S,Rs. 230.09,Abbott Laboratories
389,Advant 8mg Tablet 7.0 'S,Rs. 134.2,Getz Pharma
390,Acylex 200mg Tablet 5.0 'S,Rs. 66,Ferozsons Laboratories Ltd
391,Acylex 5% Ointment 5.0 gm,Rs. 169.14,Ferozsons Laboratories Ltd
392,Acylex 800mg Tablet 10.0 'S,Rs. 352,Ferozsons Laboratories Ltd
393,Acylex 400mg Tablet 10.0 'S,Rs. 211.2,Ferozsons Laboratories Ltd
394,Jetepar Capsule 20.0 'S,Rs. 124.69,Popular Chemical Works (Pvt) Ltd
395,Hilfo-B 25mg Tablet 10.0 'S,Rs. 904.67,Hilton Pharma
396,Centaurus 0.5mg Tablet 10.0 'S,Rs. 1062.62,Ferozsons Laboratories Ltd
397,Heptocam Suspension 120.0 ml,Rs. 153,Chas. A. Mendoza
398,Sofiget 400mg Tablet 28.0 'S,Rs. 5280,Getz Pharma
399,Tenofo-B 300mg Tablet 30.0 'S,Rs. 3036,Getz Pharma
400,Daclaget 60mg Tablet 7.0 'S,"Rs. 1,138",Getz Pharma
401,Hepa-Merz 5gm Powder 1.0 'S,Rs. 85.25,Brookes Pharma
402,Heptocam Suspension 60.0 ml,Rs. 83.38,Chas. A. Mendoza
403,Tacavir 0.5mg Tablet 10.0 'S,Rs. 3901.52,Ccl Pharma
404,Silliver 100mg/5ml Suspension 120.0 ml,Rs. 144.1,Abbott Laboratories
405,Jetepar Syrup 112.0 ml,Rs. 220,Popular Chemical Works (Pvt) Ltd
406,Epuram Tablet 10.0 'S,Rs. 74.53,Macter Pharma
407,Abriva Plus 400mg+100mg Tablet 28.0 'S,Rs. 10862.81,Ccl Pharma
408,Heptocam Capsule 10.0 'S,Rs. 87.96,Chas. A. Mendoza
409,Epuram Suspension 120.0 ml,Rs. 225.83,Macter Pharma
410,Hepa-Merz 5gm/10ml Injection 10.0 ml,Rs. 294.8,Brookes Pharma
411,Enervin Syrup 120.0 ml,Rs. 190.08,Genix Pharma
412,Ribazole 400mg Capsule 10.0 'S,Rs. 299.2,Getz Pharma
413,Sustac 6.4mg Tablet 30.0 'S,Rs. 238.47,Searle Pharma
414,Lodopin 10mg Tablet 10.0 'S,Rs. 78.83,Merck Pharma
415,Ivadin 5mg Tablet 7.0 'S,Rs. 123.2,PharmEvo
416,Telsarta 80mg Tablet 5.0 'S,Rs. 178.25,PharmEvo
417,Cordarone 150mg3ml Injection 1.0 amp,Rs. 679.68,Sanofi-aventis
418,Telmis 80mg Tablet 7.0 'S,Rs. 209.44,Genix Pharma
419,Maxil 500mg Capsule 10.0 'S,Rs. 103.02,Macter Pharma
420,Xarelto 15mg Tablet 14.0 'S,Rs. 3757.6,Bayer Health Care
421,Telmis 40mg Tablet 14.0 'S,Rs. 281.6,Genix Pharma
422,Maxil 250mg Capsule 10.0 'S,Rs. 45.84,Macter Pharma
423,Hart 6.25mg Tablet 10.0 'S,Rs. 52.50,Macter Pharma
424,Nebilol 5mg Tablet 14.0 'S,Rs. 258.09,Genix Pharma
425,Sacvin 100 49mg+51mg Tablet 10.0 'S,Rs. 486.9,PharmEvo
426,Xarelto 10mg Tablet 5.0 'S,Rs. 1342,Bayer Health Care
427,Telmis 20mg Tablet 10.0 'S,Rs. 158.4,Genix Pharma
428,Sacvin 200 97mg+103mg Tablet 10.0 'S,Rs. 800,PharmEvo
429,Ivadin 7.5mg Tablet 7.0 'S,Rs. 140,PharmEvo
430,Noclot-LD 300mg Tablet 1.0 'S,Rs. 39.02,Ccl Pharma
431,Xarelto 20mg Tablet 14.0 'S,Rs. 3757.6,Bayer Health Care
432,Advant 8mg Tablet 7.0 'S,Rs. 134.2,Getz Pharma
433,Sakoon 3mg Tablet 10.0 'S,Rs. 78.65,Cirin Pharmaceuticals (Pvt) Ltd
434,Wilgesic 450mg+35mg Tablet 10.0 'S,Rs. 38.77,Wilson's Pharma
435,Nysa 20mg Tablet 10.0 'S,Rs. 120.69,Scilife Pharma
436,Xiben 100mg/5ml Suspension 90.0 ml,Rs. 53.04,Pacific Pharmaceuticals Ltd
437,Arinac Suspension 120.0 ml,Rs. 89.30,Abbott Laboratories
438,Duragesic Forte 650mg+50mg Tablet 10.0 'S,Rs. 59.3,Tabros Pharma (Pvt) Ltd
439,Arinac Forte 400mg+60mg Tablet 10.0 'S,Rs. 70.93,Abbott Laboratories
440,Topmate 50mg Tablet 10.0 'S,Rs. 250,Bio Kinase
441,Ponstan Forte 500mg Tablet 10.0 'S,Rs. 29.29,Pfizer
442,Panadol Extend 665mg Tablet 10.0 'S,Rs. 56.84,GSK Consumer Healthcare
443,Bludol 100mg/5ml Suspension 120.0 ml,Rs. 65.75,Standpharm Pakistan Pvt Ltd
444,Sinaxamol 450mg+35mg Tablet 10.0 'S,Rs. 48.84,AGP Pharma
445,Migofen 400mg Tablet 100.0 'S,Rs. 449,Pacific Pharmaceuticals Ltd
446,Catafen 50mg Tablet 10.0 'S,Rs. 65.12,Cibex (Pvt) Ltd
447,Provas-N Forte 650mg+50mg Tablet 10.0 'S,Rs. 105.6,Sami Pharma
448,Diagesic-P 500mg+3mg+70mg Tablet 10.0 'S,Rs. 132.04,Wilson's Pharma
449,Medigesic Forte 50mg+450mg+30mg Tablet 10.0 'S,Rs. 129.07,Wilshire Pharma
450,Celewin Capsule 'S,Rs. 232.24,LEO Pharma
451,Diagesic Plus 50mg Capsule 10.0 'S,Rs. 67.34,Wilson's Pharma
452,Cyclodex 20mg Tablet 10.0 'S,Rs. 111.32,Platinum Pharmaceuticals (Pvt) Ltd
453,Miiso Hair Growth Serum Gel 30.0 ml,"Rs. 2,475",Maxitech
454,Regro 0.05% Spray 60.0 ml,Rs. 601.14,Martin Dow
455,Leflox 250mg Tablet 10.0 'S,Rs. 189.2,Getz Pharma
456,Keflex 250mg/5ml Suspension 60.0 ml,Rs. 142.79,AGP Pharma
457,Enziclor 0.15%+0.2% Mouthwash 240.0 ml,Rs. 277.52,Platinum Pharmaceuticals (Pvt) Ltd
458,Maxius Lozenges Honey Tablet 5.0 'S,Rs. 111.06,Pacific Pharmaceuticals Ltd
459,Lignocaine 2% Gel 15.0 gm,Rs. 40.29,Lahore Chemical & Pharmaceutical Works
460,Flagyl 500mg Injection 100.0 ml,Rs. 135.26,Sanofi-aventis
461,Metrozine 400mg Tablet 10.0 'S,Rs. 19.25,Searle Pharma
462,Cipamox 500mg Capsule 10.0 'S,Rs. 106.31,Epla Laboratories
463,Flagyl 400mg Tablet 10.0 'S,Rs. 21.33,Sanofi-aventis
464,Keflex 250mg Capsule 12.0 'S,Rs. 124.96,AGP Pharma
465,Mecroz Oral 2% Gel 20.0 gm,Rs. 101.48,Tabros Pharma (Pvt) Ltd
466,Keflex 125mg/5ml Suspension 60.0 ml,Rs. 82.72,AGP Pharma
467,Gramex 400mg Tablet 10.0 'S,Rs. 20.59,Platinum Pharmaceuticals (Pvt) Ltd
468,Starlev 250mg Tablet 10.0 'S,Rs. 190,Indus Pharma
469,Leflox 750mg Tablet 10.0 'S,Rs. 448.8,Getz Pharma
470,Flagyl Suspension 120.0 ml,Rs. 103.51,Sanofi-aventis
471,Keflex 100mg/ml Drop 10.0 ml,Rs. 94.22,AGP Pharma
472,Maxius Lozenge Pineapple Tablet 5.0 'S,Rs. 115,Pacific Pharmaceuticals Ltd
473,Protoxil 500mg Injection 100.0 ml,Rs. 112,Standpharm Pakistan Pvt Ltd
474,Keflex 500mg Capsule 12.0 'S,Rs. 244.78,AGP Pharma
475,Zurig 80mg Tablet 10.0 'S,Rs. 330,Getz Pharma
476,Tormax 550mg Tablet 10.0 'S,Rs. 117.04,Platinum Pharmaceuticals (Pvt) Ltd
477,Phlogin 50mg Capsule 10.0 'S,Rs. 135.78,Brookes Pharma
478,Motaar 50mg Tablet 10.0 'S,Rs. 60.72,Standpharm Pakistan Pvt Ltd
479,Dolonap 250mg Tablet 10.0 'S,Rs. 68.93,Platinum Pharmaceuticals (Pvt) Ltd
480,Motaar SR 100mg Tablet 10.0 'S,Rs. 125,Standpharm Pakistan Pvt Ltd
481,Tormax Gel 25.0 gm,Rs. 151.36,Platinum Pharmaceuticals (Pvt) Ltd
482,Artimov-K 75mg Tablet 10.0 'S,Rs. 82.50,Barrett Hodgson
483,Dicloran SR 100mg Tablet 10.0 'S,Rs. 136.4,Sami Pharma
484,Rid-Uric 40mg Tablet 10.0 'S,Rs. 295,Standpharm Pakistan Pvt Ltd
485,Rid-Uric 80mg Tablet 20.0 'S,Rs. 506,Standpharm Pakistan Pvt Ltd
486,Mobikare DR 75mg Capsule 5.0 'S,Rs. 42.33,Barrett Hodgson
487,Moven 75mg Tablet 10.0 'S,Rs. 74.68,Shrooq Pharmaceuticals
488,Voren 50mg Tablet 10.0 'S,Rs. 63.32,Asian Continental
489,Urigo 80mg Tablet 10.0 'S,Rs. 330,Sami Pharma
490,Neoprox 250mg Tablet 10.0 'S,Rs. 44.88,Merck Pharma
491,Orthofenac 50mg Tablet 20.0 'S,Rs. 108.5,Bosch Pharma
492,Orthofenac-SR 100mg Tablet 15.0 'S,Rs. 261.36,Bosch Pharma
493,Adenuric 80mg Tablet 10.0 'S,Rs. 270.6,S.J.Fazal Elahi (Pvt) Ltd
494,Zurig 40mg Tablet 10.0 'S,Rs. 201.96,Getz Pharma
495,Liveril Tablet 30.0 'S,Rs. 800,Acti-Med Pharma
496,Cefiscot 400mg Capsule 5.0 'S,Rs. 308,Scotmann Pharmaceuticals
497,Ceforal-3 400mg Capsule 5.0 'S,Rs. 302.79,Zafa Pharmaceutical Laboratories (Pvt) Ltd
498,Urso 500mg Capsule 10.0 'S,Rs. 731.02,AGP Pharma
499,Q-Bact 2gm Injection 1.0 vial,Rs. 518.43,High-Q Pharma
500,Cefiscot DS 200mg/5ml Suspension 30.0 ml,Rs. 215.6,Scotmann Pharmaceuticals
501,Urso 250mg/5ml Suspension 120.0 ml,Rs. 993.63,AGP Pharma
502,Q-Bact 1gm Injection 1.0 vial,Rs. 325.87,High-Q Pharma
503,Sulperazone 2gm Injection 1.0 vial,Rs. 352,Horizon Pharma
504,Verticil 250mg Tablet 10.0 'S,Rs. 475.2,Mass Pharma (Pvt) Ltd
505,Funge 250mg Tablet 5.0 'S,Rs. 247.50,Wilshire Pharma
506,Onamed 150mg Capsule 1.0 'S,Rs. 194.81,High-Q Pharma
507,Mecroz Oral 2% Gel 20.0 gm,Rs. 101.48,Tabros Pharma (Pvt) Ltd
508,Daktarin 2% Cream 10.0 gm,Rs. 110,Aspin Pharma
509,Fluderm 150mg Capsule 1.0 'S,Rs. 295.68,Nabiqasim Industries(Pvt) Ltd
510,Diflucan 50mg Capsule 7.0 'S,Rs. 978.82,Pfizer
511,Spectrazole Cream 15.0 gm,Rs. 95.04,Mass Pharma (Pvt) Ltd
512,Icon 100mg Capsule 4.0 'S,Rs. 259.6,Ferozsons Laboratories Ltd
513,Canesten Vaginal 500mg Tablet 1.0 'S,Rs. 113.35,Bayer Health Care
514,Terbiderm Forte 250mg Tablet 10.0 'S,Rs. 466.4,Atco Lab Pharma
515,Curezole Cream 15.0 gm,Rs. 125.48,Atco Lab Pharma
516,Fungi-Rid 250mg Tablet 10.0 'S,Rs. 440,Horizon Pharma
517,Lamisil 250mg Tablet 10.0 'S,Rs. 1441.61,Novartis
518,Clotrim 1% Cream 10.0 gm,Rs. 35,Zafa Pharmaceutical Laboratories (Pvt) Ltd
519,Betaderm-NM Cream 10.0 gm,Rs. 84.61,Atco Lab Pharma
520,Terbiderm 125mg Tablet 10.0 'S,Rs. 353.32,Atco Lab Pharma
521,Gyno-Daktarin Vag 2% Cream 20.0 gm,Rs. 169,Aspin Pharma
522,Aquazole Cream 20.0 gm,Rs. 168,Martin Dow
523,Verticil 125mg Tablet 10.0 'S,Rs. 343.2,Mass Pharma (Pvt) Ltd
524,Coldrex-E Syrup 120.0 ml,Rs. 47.19,Standpharm Pakistan Pvt Ltd
525,Panadol 80mg/5ml Drop 30.0 ml,Rs. 63.36,GSK Consumer Healthcare
526,Panadol 500mg Tablet 10.0 'S,Rs. 25,GSK Consumer Healthcare
527,Disprol Paediatric 120mg Suspension 60.0 ml,Rs. 39.72,Reckitt Benckiser
528,Pedrol Forte Suspension 60.0 ml,Rs. 838.64,Stanley Pharma
529,Dologin DS 500mg Tablet 200.0 'S,Rs. 545.6,Opal Laboratories
530,Xiben 100mg/5ml Suspension 90.0 ml,Rs. 53.04,Pacific Pharmaceuticals Ltd
531,Alcuflex 550mg Tablet 10.0 'S,Rs. 88.44,ICI Pharma
532,Brufen 400mg Tablet 10.0 'S,Rs. 24.23,Abbott Laboratories
533,Actifed P Cold Tablet 10.0 'S,Rs. 21.73,GSK Consumer Healthcare
534,Tramal Plus 37.5mg+325mg Tablet 10.0 'S,Rs. 138.43,Searle Pharma
535,Febrol DS 250mg/5ml Suspension 60.0 ml,Rs. 49.16,Barrett Hodgson
536,Dologin Suspension 60.0 ml,Rs. 27.48,Opal Laboratories
537,Brufen DS 200mg/5ml Suspension 90.0 ml,Rs. 77.18,Abbott Laboratories
538,Panadol 160mg/5ml Liquid 120.0 ml,Rs. 98,GSK Consumer Healthcare
539,Maxit 50mg Tablet 10.0 'S,Rs. 102.43,Hilton Pharma
540,Coldrex Tablet 10.0 'S,Rs. 26.81,Standpharm Pakistan Pvt Ltd
541,Calpol Plus 500mg/65mg Tablet 10.0 'S,Rs. 14.99,GSK Consumer Healthcare
542,Bludol 100mg/5ml Suspension 120.0 ml,Rs. 65.75,Standpharm Pakistan Pvt Ltd
543,Brufen 100mg/5ml Suspension 120.0 ml,Rs. 72.16,Abbott Laboratories
544,Provisc Opthalmic Viscosurgical Injection 0.85 ml,Rs. 199.76,Alcon Pharma
545,Obradex Eye Ointment 3.5 gm,Rs. 166.32,Vega Pharmaceuticals Ltd
546,Pred Forte Eye 1% Drop 5.0 ml,Rs. 86.24,Allergan
547,Fotiflox 0.50% Drop 5.0 ml,Rs. 191.66,Helix Pharma
548,Mionex Ophthalmic 0.50% Liquid 5.0 ml,Rs. 211.2,Shaigan Pharmaceuticals
549,Mediphakol Eye Drop 10.0 ml,Rs. 121.26,Medipak Limited
550,Ocumox Eye 0.50% Ointment 3.5 gm,Rs. 210.88,Remington Pharma
551,Tobrex 0.30% Drop 5.0 ml,Rs. 496.86,Alcon Pharma
552,Hyspa Ophthalmic Solution Drop 5.0 ml,Rs. 190,Genix Pharma
553,Blink Fresh Eye 1.4%+0.6% Drop 10.0 ml,Rs. 80.25,Sante Pharma
554,Ocumox-D Eye Drop 5.0 ml,Rs. 233.77,Remington Pharma
555,Brimo-T Eye 0.2%+0.5% Drop 5.0 ml,Rs. 496.80,Atco Lab Pharma
556,Amgydex 0.1%+0.3% Drop 5.0 ml,Rs. 155.19,Kobec Pharmacals
557,Glantrim Eye 2%+0.5% Drop 5.0 ml,Rs. 629.2,Atco Lab Pharma
558,Maxidex Eye 0.10% Drop 10.0 ml,Rs. 165.76,Alcon Pharma
559,Betnesol Eye 0.10% Drop 7.5 ml,Rs. 52.57,GSK Consumer Healthcare
560,Hylu Eye 0.18% Drop 5.0 ml,Rs. 190,Genix Pharma
561,Trusopt Eye 2% Drop 5.0 ml,"Rs. 1,260.10",OBS Pharma
562,Hy-Cortisone 100mg Injection 1.0 vial,Rs. 103.17,Cirin Pharmaceuticals (Pvt) Ltd
563,Creato-SR 35mg Tablet 10.0 'S,Rs. 110.14,Tabros Pharma (Pvt) Ltd
564,Xtract-M Capsule 30.0 'S,Rs. 792,Route2Health
565,Nutrifactor Tribulus Terrestris Extract 250mg Capsule 60.0 'S,Rs. 1125,Nutrifactor
566,Ytig Tablet 10.0 'S,"Rs. 1,200",Ccl Pharma
567,Gonadil-F 300mg Capsule 10.0 'S,Rs. 188.54,Getz Pharma
568,Prelin 75mg Capsule 7.0 'S,Rs. 163.94,Martin Dow
569,Lalap 10mg/ml Syrup 100.0 ml,Rs. 584,Genix Pharma
570,Neugast 50mg Capsule 14.0 'S,Rs. 212,S.J.Fazal Elahi (Pvt) Ltd
571,Xilica 100mg Capsule 7.0 'S,Rs. 170.72,PharmEvo
572,Rivotril 2.5mg/ml Drop 10.0 ml,Rs. 200,Martin Dow
573,Hilin 150mg Capsule 7.0 'S,Rs. 178.64,Highnoon Pharma
574,Xilica 50mg Capsule 7.0 'S,Rs. 130.35,PharmEvo
575,Lacolit 100mg Tablet 14.0 'S,Rs. 545.6,Searle Pharma
576,Klevra 250mg Tablet 10.0 'S,Rs. 264,PharmEvo
577,Neugast 25mg Capsule 14.0 'S,Rs. 135.52,S.J.Fazal Elahi (Pvt) Ltd
578,Revotril 2mg Tablet 10.0 'S,Rs. 102.37,Martin Dow
579,Xilica 25mg Capsule 7.0 'S,Rs. 75.24,PharmEvo
580,Lacolit 50mg Tablet 14.0 'S,Rs. 382.8,Searle Pharma
581,Klevra 500mg Tablet 10.0 'S,Rs. 1417.6,PharmEvo
582,Topagen 100mg Tablet 30.0 'S,Rs. 2618,Genetics Pharma
583,Xilica 150mg Capsule 7.0 'S,Rs. 218.29,PharmEvo
584,Lalap 200mg Tablet 7.0 'S,Rs. 515,Genix Pharma
585,Klevra XR 500mg Tablet 5.0 'S,Rs. 805.46,PharmEvo
586,Hilin 75mg Capsule 7.0 'S,Rs. 257.04,Highnoon Pharma
587,Xeticam 500mg Tablet 10.0 'S,Rs. 447.92,Getz Pharma
588,Toni-5 Syrup 120.0 ml,Rs. 220.88,AGP Pharma
589,Tres-Orix Forte Syrup 120.0 ml,Rs. 109.83,Highnoon Pharma
590,Mosegor 0.25mg/5ml Syrup 120.0 ml,Rs. 153.03,Novartis
591,Eplazyme Syrup 120.0 ml,Rs. 100.29,Epla Laboratories
592,Depex 20mg Capsule 10.0 'S,Rs. 177.54,Merck Pharma
593,Mosegor 0.5mg/5ml Syrup 120.0 ml,Rs. 152.24,Novartis
594,Apteboost-H Syrup 120.0 ml,Rs. 142.3,Opal Laboratories
595,Appitor Syrup 120.0 ml,Rs. 220,Triage Pharmaceutical
596,Trimetabol Syrup 120.0 ml,Rs. 102.07,Sami Pharma
597,Ultima 500mg Tablet 5.0 'S,Rs. 490,Macter Pharma
598,Co-Amoxi 625mg Tablet 6.0 'S,Rs. 175.44,Macter Pharma
599,Cefalor 500mg Capsule 6.0 'S,Rs. 305,Bosch Pharma
600,Maxil 250mg Capsule 10.0 'S,Rs. 45.84,Macter Pharma
601,Penbritin 500mg Capsule 20.0 'S,Rs. 177.99,GSK Consumer Healthcare
602,Otoflox Ear 0.30% Drop 5.0 ml,Rs. 103.4,Sante Pharma
603,Gen-Cipro 250mg Tablet 10.0 'S,Rs. 125,Brookes Pharma
604,Zeprocaine Ear 0.3%+5% Drop 5.0 ml,Rs. 126.01,Sante Pharma
605,Ultima 250mg Tablet 10.0 'S,Rs. 350,Macter Pharma
606,Co-Amoxi 375mg Tablet 6.0 'S,Rs. 123.80,Macter Pharma
607,Inoquin 125mg/5ml Suspension 60.0 ml,Rs. 115.79,Barrett Hodgson
608,Co-Amoxi 312.5mg/5ml Suspension 60.0 ml,Rs. 159.36,Macter Pharma
609,Penbritin 250mg Capsule 20.0 'S,Rs. 48.85,GSK Consumer Healthcare
610,Augmentin BD 457mg/5ml Suspension 35.0 ml,Rs. 265.15,GSK Consumer Healthcare
611,Cefcom IV/IM 250mg Injection 1.0 vial,Rs. 180.73,Barrett Hodgson
612,Augmentin BD 457mg/5ml Suspension 70.0 ml,Rs. 265.15,GSK Consumer Healthcare
613,Inocef IV 2000mg Injection 1.0 vial,Rs. 619.03,Barrett Hodgson
614,Ultima Dry 125mg/5ml Suspension 60.0 ml,Rs. 295,Macter Pharma
615,Zetro 250mg Capsule 10.0 'S,Rs. 313.11,Getz Pharma
616,Cipesta 250mg Tablet 10.0 'S,Rs. 167.25,Getz Pharma
617,Risek 40mg Capsule 7.0 'S,Rs. 184.8,Getz Pharma
618,Regasta 50mg Tablet 10.0 'S,Rs. 228.8,Getz Pharma
619,Eplazyme Syrup 120.0 ml,Rs. 100.29,Epla Laboratories
620,Pepzym Tablet 10.0 'S,Rs. 316.8,Shaigan Pharmaceuticals
621,Ignite 50mg Tablet 10.0 'S,Rs. 528,Horizon Pharma
622,Tepride 50mg Tablet 10.0 'S,Rs. 176,Shaigan Pharmaceuticals
623,Dysen 750mg Suspension 30.0 ml,Rs. 70.4,Nabiqasim Industries(Pvt) Ltd
624,Anafortan Plus Tablet 10.0 'S,Rs. 165.73,AGP Pharma
625,Actiflor 250mg Sachet 1.0 'S,Rs. 37.41,PharmEvo
626,Faxim 550mg Tablet 5.0 'S,Rs. 536.8,Standpharm Pakistan Pvt Ltd
627,Oem ORS Orange Sachet 1.0 'S,Rs. 18,Indus Pharma
628,Nimixa 550mg Tablet 10.0 'S,Rs. 594,Getz Pharma
629,Cipesta IV 200mg/100ml Injection 100.0 ml,Rs. 164.71,Getz Pharma
630,Xifaxa 550mg Tablet 10.0 'S,Rs. 731,Brookes Pharma
631,Nimixa 200mg Tablet 10.0 'S,Rs. 220,Getz Pharma
632,Protege Sachet 1.0 'S,Rs. 528,AGP Pharma
633,Enflor 250mg Sachet 1.0 'S,Rs. 57.2,Martin Dow
634,Smecta 3gm Sachet 1.0 'S,Rs. 21.77,Atco Lab Pharma
635,Bismol 265mg Tablet 10.0 'S,Rs. 65.33,Macter Pharma
636,Oem Lemon Sachet 1.0 'S,Rs. 272.82,Indus Pharma
637,Biflor 250mg Sachet 1.0 'S,Rs. 497.2,Hilton Pharma
638,DiaResQ Sachet 3.0 'S,Rs. 465,Ferozsons Laboratories Ltd
639,Nixaf 200mg Tablet 10.0 'S,Rs. 264,Sami Pharma
640,Ecotec 180mg Capsule 10.0 'S,Rs. 439.12,Searle Pharma
641,Foxamine 200mg Tablet 10.0 'S,Rs. 290,Ccl Pharma
642,Foxamine 550mg Tablet 10.0 'S,Rs. 616,Ccl Pharma
643,Gadovist Prefilled 1.0mmol/ml Injection 7.5 ml,Rs. 2772,Bayer Health Care
644,Tonoflex-P 37.5mg+325mg Tablet 10.0 'S,Rs. 155.93,Sami Pharma
645,Distalgesic 37.5mg+325mg Tablet 10.0 'S,Rs. 140.01,Atco Lab Pharma
646,Xavor 25mg Tablet 10.0 'S,Rs. 84.18,Ferozsons Laboratories Ltd
647,Prelin 75mg Capsule 7.0 'S,Rs. 163.94,Martin Dow
648,Galvecta Plus 50mg+850mg Tablet 7.0 'S,Rs. 193.24,PharmEvo
649,Xenglu-Met 5mg+1000mg Tablet 7.0 'S,Rs. 136.4,Hilton Pharma
650,Diabetron 80mg Tablet 20.0 'S,Rs. 169.14,Ferozsons Laboratories Ltd
651,Apidra SoloStar Pen 100IU//ml Injection 3.0 ml,Rs. 821.16,Sanofi-aventis
652,Xilica 25mg Capsule 7.0 'S,Rs. 75.24,PharmEvo
653,Glioptim 3mg Tablet 10.0 'S,Rs. 127.84,Martin Dow
654,Gvia 100mg Tablet 14.0 'S,Rs. 501.6,Genix Pharma
655,Duzalta 20mg Capsule 7.0 'S,Rs. 172.48,PharmEvo
656,Xilica 150mg Capsule 7.0 'S,Rs. 218.29,PharmEvo
657,Glio 3mg Tablet 10.0 'S,Rs. 170,Macter Pharma
658,MylAxon 500mcg Tablet 10.0 'S,Rs. 271.33,Barrett Hodgson
659,Mecovate 500mcg Tablet 10.0 'S,Rs. 80.32,AGP Pharma
660,Econid 4mg Tablet 10.0 'S,Rs. 224.41,Abbott Laboratories
661,Hilin 150mg Capsule 7.0 'S,Rs. 178.64,Highnoon Pharma
662,Jardy 25mg Tablet 7.0 'S,Rs. 400.4,Ccl Pharma
663,Xilica 100mg Capsule 7.0 'S,Rs. 170.72,PharmEvo
664,Xilica 50mg Capsule 7.0 'S,Rs. 130.35,PharmEvo
665,Basagine 100IU Injection 3.0 ml,Rs. 792,Getz Pharma
666,Depsit 20mg Tablet 14.0 'S,Rs. 455,Genix Pharma
667,Clomfranil 25mg Tablet 10.0 'S,Rs. 56.42,Novartis
668,Voxamine 100mg Tablet 10.0 'S,Rs. 413.6,PharmEvo
669,Cyclogest Pessary 200mg Pessaries 5.0 'S,Rs. 640.9,Actavis
670,Seroquel 100mg Tablet 10.0 'S,Rs. 1510.37,ICI Pharma
671,Duzalta 30mg Capsule 7.0 'S,Rs. 197.12,PharmEvo
672,Nassa 30mg Tablet 10.0 'S,Rs. 303.6,Genetics Pharma
673,Seradep 20mg Tablet 7.0 'S,Rs. 209.11,Barrett Hodgson
674,Setak 5mg Tablet 7.0 'S,Rs. 101.2,S.J.Fazal Elahi (Pvt) Ltd
675,Agoviz 25mg Tablet 7.0 'S,Rs. 277.2,PharmEvo
676,Lafaxine ER 50mg Tablet 14.0 'S,Rs. 179.08,Genix Pharma
677,Evokalm XR 300mg Tablet 10.0 'S,Rs. 411.84,PharmEvo
678,Evokalm XR 200mg Tablet 5.0 'S,Rs. 302.02,PharmEvo
679,Duzalta 20mg Capsule 7.0 'S,Rs. 172.48,PharmEvo
680,Xanax 0.25mg Tablet 10.0 'S,Rs. 53.12,Pfizer
681,Setak 20mg Tablet 7.0 'S,Rs. 193.6,S.J.Fazal Elahi (Pvt) Ltd
682,Paromax CR 37.5mg Tablet 10.0 'S,Rs. 344.08,Genetics Pharma
683,Venice 37.5mg Tablet 20.0 'S,Rs. 343.2,Medisure Pharmaceuticals
684,Seroxat CR 12.5mg Tablet 10.0 'S,Rs. 354.05,GSK Consumer Healthcare
685,Zavget 10mg Tablet 14.0 'S,Rs. 351.12,Getz Pharma
686,Oem Oral Solution Solution 500.0 ml,Rs. 97.04,Indus Pharma
687,Peditral Orange Sachet 1.0 'S,Rs. 19.8,Searle Pharma
688,Osmolar Oral Solution Orange Liquid 500.0 ml,Rs. 101.64,Atco Lab Pharma
689,Osmolar Orange Sachet 1.0 'S,Rs. 193.78,Atco Lab Pharma
690,Peditral Orange Liquid 500.0 ml,Rs. 75.23,Searle Pharma
691,Osmolar Banana Flavour Sachet 1.0 'S,Rs. 10.29,Atco Lab Pharma
692,Betaderm 0.05% Lotion 60.0 ml,Rs. 97.38,Atco Lab Pharma
693,Kroff Syrup 120.0 ml,Rs. 174.24,High-Q Pharma
694,Reltus C&F Syrup 100.0 ml,Rs. 83.05,Pharmatec Pakistan Pvt Ltd
695,Linkus Nova Lozenges Mint Tablet 8.0 'S,Rs. 47.18,Herbion Naturals
696,Cofif Syrup 120.0 ml,Rs. 215,AGP Pharma
697,Pectus Cough Syrup 90.0 ml,Rs. 69.55,Tabros Pharma (Pvt) Ltd
698,Piriton Expectorant 2mg/5ml Liquid 120.0 ml,Rs. 38.21,GSK Consumer Healthcare
699,Acefyl Wet Cough Mucus Relief Syrup 125.0 ml,Rs. 97.64,Nabiqasim Industries(Pvt) Ltd
700,Actifed P Cold Tablet 10.0 'S,Rs. 21.73,GSK Consumer Healthcare
701,FluAce Flu & Cold Tablet 30.0 'S,Rs. 360,Route2Health
702,Acefyl Cough Sugar free Syrup 125.0 ml,Rs. 78.98,Nabiqasim Industries(Pvt) Ltd
703,Histamol-D Syrup 120.0 ml,Rs. 90.73,Epla Laboratories
704,Exituss Syrup 120.0 ml,Rs. 96.81,Pacific Pharmaceuticals Ltd
705,Pacific's DM 12.5mg/5ml Syrup 120.0 ml,Rs. 109.85,Pacific Pharmaceuticals Ltd
706,Pacific's Pain Relief Rub Cream 50.0 gm,Rs. 212,Pacific Pharmaceuticals Ltd
707,Hydryllin Syrup 120.0 ml,Rs. 60.72,Searle Pharma
708,Pulmonol Flu Syrup 120.0 ml,Rs. 77.02,Ccl Pharma
709,Remisole Neo Syrup 60.0 ml,Rs. 362.56,Remington Pharma
710,Dr. Koff Lozenges Center-Filled Honey and Lemon Tablet 100.0 'S,Rs. 1320,Himont Pharma
711,Tempramine 120mg/5ml Suspension 60.0 ml,Rs. 59,Woodwards
712,Olcuf Plus Syrup 120.0 ml,Rs. 242.25,Getz Pharma
713,Emkit DS 1.5mg Tablet 1.0 'S,Rs. 18.42,Zafa Pharmaceutical Laboratories (Pvt) Ltd
714,Emkit 0.75mg Tablet 2.0 'S,Rs. 18.48,Zafa Pharmaceutical Laboratories (Pvt) Ltd
715,Famila-28 F Tablet 28.0 'S,Rs. 26.61,Zafa Pharmaceutical Laboratories (Pvt) Ltd
716,Yaz 0.02mg+3mg Tablet 28.0 'S,Rs. 708.21,Bayer Health Care
717,Omatril 5mg Tablet 30.0 'S,Rs. 248.42,OBS Pharma
718,Fibo Sachet 1.0 'S,Rs. 206.8,Hinucon
719,Prulax Junior Syrup 60.0 ml,Rs. 140.8,Matrix Pharma
720,Ezilax Tablet 10.0 'S,Rs. 966.24,Himont Pharma
721,Movcol Sugar Free Sachet 1.0 'S,Rs. 288.7,Genix Pharma
722,Laxoberon 7.5mg Liquid 120.0 ml,Rs. 126.01,Martin Dow
723,Laxoberon 5mg Tablet 10.0 'S,Rs. 35.46,Martin Dow
724,Cremaffin Emulsion Syrup 120.0 ml,Rs. 52.32,Abbott Laboratories
725,Kolac 3.35gm/5ml Suspension 120.0 ml,Rs. 193.05,Asian Continental
726,Skilax 7.5mg/ml Drop 15.0 ml,Rs. 49.28,Highnoon Pharma
727,Lacasil 10gm/15ml Syrup 120.0 ml,Rs. 202.4,Sami Pharma
728,Fibo Jar Powder 175.0 gm,Rs. 575,Hinucon
729,Duphalac 66.7gm/100ml Syrup 240.0 ml,Rs. 432.45,Abbott Laboratories
730,Lacasil 10gm Sachet 8.0 'S,Rs. 250,Sami Pharma
731,Duphalac 66.7gm/100ml Syrup 120.0 ml,Rs. 201.55,Abbott Laboratories
732,Prulax Syrup 120.0 ml,Rs. 228.8,Matrix Pharma
733,Tri-Hemic 600 Tablet 10.0 'S,Rs. 61.47,ICI Pharma
734,Laxitol 10gm/15ml Syrup 120.0 ml,Rs. 200,Ccl Pharma
735,Lilac 3.35gm/5ml Suspension 120.0 ml,Rs. 190.41,Getz Pharma
736,Ampress 10mg Tablet 10.0 'S,Rs. 140.24,Barrett Hodgson
737,Plavix 300mg Tablet 4.0 'S,Rs. 189.76,Sanofi-aventis
738,Sustac 6.4mg Tablet 30.0 'S,Rs. 238.47,Searle Pharma
739,Virata 90mg Tablet 10.0 'S,Rs. 1098.24,Ccl Pharma
740,Carlov 12.5mg Tablet 10.0 'S,Rs. 140.8,Hilton Pharma
741,Blokium 25mg Tablet 10.0 'S,Rs. 33,Highnoon Pharma
742,Ivagen 5mg Tablet 14.0 'S,Rs. 308,Genix Pharma
743,Triforge 5/160/25mg Tablet 7.0 'S,Rs. 275.44,Highnoon Pharma
744,Gneb 2.5mg Tablet 14.0 'S,Rs. 124.96,Genix Pharma
745,Nitroscot SR 2.6mg Capsule 10.0 'S,Rs. 85.07,Scotmann Pharmaceuticals
746,Carlov 25mg Tablet 10.0 'S,Rs. 211.2,Hilton Pharma
747,Survive 20mg Tablet 10.0 'S,Rs. 281.6,Werrick Pharma
748,Zafnol 50mg Tablet 10.0 'S,Rs. 26.61,Zafa Pharmaceutical Laboratories (Pvt) Ltd
749,Ogrel 75mg Tablet 10.0 'S,Rs. 237.6,Bosch Pharma
750,Anplag 60mg Tablet 7.0 'S,Rs. 222.64,PharmEvo
751,Angised 0.5mg Tablet 10.0 'S,Rs. 11.59,GSK Consumer Healthcare
752,Ivadin 5mg Tablet 7.0 'S,Rs. 123.2,PharmEvo
753,Creato-SR 35mg Tablet 10.0 'S,Rs. 110.14,Tabros Pharma (Pvt) Ltd
754,Ivadin 7.5mg Tablet 7.0 'S,Rs. 140,PharmEvo
755,Adalat-LA 30mg Tablet 10.0 'S,Rs. 321.50,Bayer Health Care
756,Fortazim 250mg Injection 1.0 vial,Rs. 104.56,Bosch Pharma
757,Retzole 2.5mg Tablet 10.0 'S,"Rs. 1,500",PharmEvo
758,Cyrocin 250mg Suspension 60.0 ml,Rs. 205.80,Highnoon Pharma
759,Tazbac 4.5gm Injection 1.0 vial,Rs. 792,Genix Pharma
760,Ciplet 500mg Tablet 10.0 'S,Rs. 260.70,Indus Pharma
761,Aromasin 25mg Tablet 15.0 'S,"Rs. 5,910.52",Pfizer
762,Amity 250mg/5ml Suspension 60.0 ml,Rs. 154,Scotmann Pharmaceuticals
763,Fortazim 500mg Injection 1.0 vial,Rs. 149.6,Bosch Pharma
764,Acylex 400mg Tablet 10.0 'S,Rs. 211.2,Ferozsons Laboratories Ltd
765,Nivador 500mg Injection 1.0 vial,Rs. 153.91,Sami Pharma
766,Solu-Cortef 100mg Injection 2.0 ml,Rs. 150,Pfizer
767,Letocor 2.5mg Tablet 10.0 'S,"Rs. 2,390",High-Q Pharma
768,Cyrocin 500mg Tablet 10.0 'S,Rs. 228.8,Highnoon Pharma
769,Tazbac 2.25gm Injection 1.0 vial,Rs. 396,Genix Pharma
770,Bonvir Tablet 1.0 'S,Rs. 338.8,LEO Pharma
771,Ciplet 250mg Tablet 10.0 'S,Rs. 167.24,Indus Pharma
772,Lets 2.5mg Tablet 10.0 'S,Rs. 2376,Genix Pharma
773,Amity 125mg/5ml Suspension 60.0 ml,Rs. 92.4,Scotmann Pharmaceuticals
774,Ciplet 125mg/5ml Suspension 60.0 ml,Rs. 111.76,Indus Pharma
775,Arimidex 1mg Tablet 14.0 'S,Rs. 4041.75,AstraZeneca
776,Formiget DPI 200/6mcg Capsule 10.0 'S,Rs. 315,Getz Pharma
777,Ventolin Respiratory 100mcg Liquid 20.0 ml,Rs. 45.91,GSK Consumer Healthcare
778,Unifyline 100mg/5ml Syrup 120.0 ml,Rs. 204,Platinum Pharmaceuticals (Pvt) Ltd
779,RespiCare 4mg Sachet 1.0 'S,Rs. 246.4,Genix Pharma
780,Juvexy 10mg Tablet 14.0 'S,Rs. 334.4,Asian Continental
781,Ventek 10mg Tablet 7.0 'S,Rs. 378.4,Searle Pharma
782,Freehale 10mg Tablet 7.0 'S,Rs. 158.4,High-Q Pharma
783,Myteka 5mg Tablet 7.0 'S,Rs. 160.6,Hilton Pharma
784,Atem Nebuliser 0.025% Liquid 2.0 ml,Rs. 98.32,Chiesi Pharmaceuticals
785,Aerokast 10mg Tablet 14.0 'S,Rs. 314.16,Barrett Hodgson
786,Salmicort HFA Inhaler 25/125mcg Inhaler 1.0 'S,Rs. 602,Macter Pharma
787,Foster Nexthaler 100/6 Spray 1.0 'S,Rs. 1376,Chiesi Pharmaceuticals
788,Bronkal 2mg/5ml Syrup 60.0 ml,Rs. 35.2,Atco Lab Pharma
789,Avelox 400mg/250ml Injection 250.0 ml,"Rs. 1,697.56",Bayer Health Care
790,Seretide DMI Evohaler 25/125mcg Spray 1.0 'S,"Rs. 1,196.88",GSK Consumer Healthcare
791,Seretide Diskus Evohaler 50/100mcg Spray 60.0 'S,Rs. 709.5,GSK Consumer Healthcare
792,Inspra 10mg Tablet 14.0 'S,Rs. 316.8,Martin Dow
793,Salmicort HFA Inhaler 25/250mcg Inhaler 1.0 'S,Rs. 731,Macter Pharma
794,Seretide DMI Evohaler 25/50mcg Spray 1.0 'S,Rs. 850.02,GSK Consumer Healthcare
795,Formiget DPI 400/12mcg Capsule 10.0 'S,Rs. 108.83,Getz Pharma
796,Lezra-Excel 2.5mg Tablet 10.0 'S,Rs. 7109.56,Excel Healthcare Laboratories (Pvt)Ltd
797,Brotin 2.5mg Tablet 10.0 'S,Rs. 135,Shaigan Pharmaceuticals
798,Bonvir Tablet 1.0 'S,Rs. 338.8,LEO Pharma
799,Evokalm XR 300mg Tablet 10.0 'S,Rs. 411.84,PharmEvo
800,Lalap 200mg Tablet 7.0 'S,Rs. 515,Genix Pharma
801,Klevra XR 500mg Tablet 5.0 'S,Rs. 805.46,PharmEvo
802,Revotril 2mg Tablet 10.0 'S,Rs. 102.37,Martin Dow
803,Neugast 50mg Capsule 14.0 'S,Rs. 212,S.J.Fazal Elahi (Pvt) Ltd
804,Seroxat CR 12.5mg Tablet 10.0 'S,Rs. 354.05,GSK Consumer Healthcare
805,Seroquel 100mg Tablet 10.0 'S,Rs. 1510.37,ICI Pharma
806,Xilica 100mg Capsule 7.0 'S,Rs. 170.72,PharmEvo
807,Paromax CR 37.5mg Tablet 10.0 'S,Rs. 344.08,Genetics Pharma
808,Xilica 50mg Capsule 7.0 'S,Rs. 130.35,PharmEvo
809,Lalap 10mg/ml Syrup 100.0 ml,Rs. 584,Genix Pharma
810,Inocef IV 2000mg Injection 1.0 vial,Rs. 619.03,Barrett Hodgson
811,Hilin 150mg Capsule 7.0 'S,Rs. 178.64,Highnoon Pharma
812,Lacolit 100mg Tablet 14.0 'S,Rs. 545.6,Searle Pharma
813,Neugast 25mg Capsule 14.0 'S,Rs. 135.52,S.J.Fazal Elahi (Pvt) Ltd
814,Klevra 250mg Tablet 10.0 'S,Rs. 264,PharmEvo
815,Rivotril 2.5mg/ml Drop 10.0 ml,Rs. 200,Martin Dow
816,Xilica 25mg Capsule 7.0 'S,Rs. 75.24,PharmEvo
817,Ropen 1gm Injection 1.0 vial,"Rs. 2,509",Macter Pharma
818,Xeticam 500mg Tablet 10.0 'S,Rs. 447.92,Getz Pharma
819,D-Max Oral 400IU Drop 10.0 ml,Rs. 321.2,Matrix Pharma
820,Opt-D 200000IU Ampule 1.0 ml,Rs. 228.8,PharmEvo
821,D-Zon Oral 200000IU Drop 1.0 'S,Rs. 234,Horizon Pharma
822,Exen-D Plus Tablet 6.0 'S,Rs. 300,Wilshire Pharma
823,SgIndrop D 5000IU Capsule 10.0 'S,Rs. 146.37,Neutro Pharma
824,Tri-D 5mg Injection 1.0 ml,Rs. 121.51,Standpharm Pakistan Pvt Ltd
825,SgIndrop D 200000IU Capsule 1.0 'S,Rs. 220,Neutro Pharma
826,Cal One-D Suspension 120.0 ml,Rs. 246.95,Martin Dow
827,CAC-1000 Plus Mango Sugar-Free Tablet 10.0 'S,Rs. 173.18,GSK Consumer Healthcare
828,D-Max Chewable 2000IU Tablet 60.0 'S,Rs. 528,Matrix Pharma
829,Indrop D 5mg Ampule 1.0 ml,Rs. 192.72,Neutro Pharma
830,CAC-1000 Plus Orange Tablet 20.0 'S,Rs. 329.12,GSK Consumer Healthcare
831,Drate 70mg Tablet 4.0 'S,Rs. 533.19,S.J.Fazal Elahi (Pvt) Ltd
832,One-Alpha 2mcg/ml Drop 20.0 ml,Rs. 1857.27,LEO Pharma
833,CaC-1000 Plus Cola Tablet 10.0 'S,Rs. 173.18,GSK Consumer Healthcare
834,Pirexen 20mg Tablet 10.0 'S,Rs. 111.71,Saffron Pharmaceuticals (Pvt) Ltd.
835,Opt-D 200000IU Capsule 1.0 'S,Rs. 228.8,PharmEvo
836,Adronil 150mg Tablet 1.0 'S,Rs. 519.2,Searle Pharma
837,Adronil 3ML/3mg Injection 1.0 'S,Rs. 1672,Searle Pharma
838,Sunny-D 200000IU Injection 1.0 amp,Rs. 154,Scotmann Pharmaceuticals
839,Ascard-75 75mg Tablet 10.0 'S,Rs. 18.43,Atco Lab Pharma
840,Ogrel 75mg Tablet 10.0 'S,Rs. 237.6,Bosch Pharma
841,Ascard Plus 81mg+75mg Tablet 10.0 'S,Rs. 172.71,Atco Lab Pharma
842,Loprin 75mg Tablet 10.0 'S,Rs. 14.67,Highnoon Pharma
843,Clexane 80mg Injection 0.8 ml,Rs. 661.81,Sanofi-aventis
844,Pletaal 100mg Tablet 10.0 'S,Rs. 538.32,Otsuka Pakistan (Pvt) Ltd
845,Norplat 75mg Tablet 14.0 'S,Rs. 223.96,Scilife Pharma
846,Clexane 40mg Injection 0.4 ml,Rs. 440.79,Sanofi-aventis
847,Warfin 1mg Tablet 10.0 'S,Rs. 281.51,Shaigan Pharmaceuticals
848,Xcept 2.5mg Tablet 10.0 'S,Rs. 202.4,PharmEvo
849,Lowplat 75mg Tablet 10.0 'S,Rs. 171.93,PharmEvo
850,Warfin 5mg Tablet 10.0 'S,Rs. 79.2,Shaigan Pharmaceuticals
851,Ascard-150 150mg Tablet 10.0 'S,Rs. 22.12,Atco Lab Pharma
852,Xarelto 20mg Tablet 14.0 'S,Rs. 3757.6,Bayer Health Care
853,Noclot-LD 300mg Tablet 1.0 'S,Rs. 39.02,Ccl Pharma
854,Maxna 500mg Capsule 10.0 'S,Rs. 155.76,AGP Pharma
855,Xarelto 15mg Tablet 14.0 'S,Rs. 3757.6,Bayer Health Care
856,Anplag 60mg Tablet 7.0 'S,Rs. 222.64,PharmEvo
857,Xarelto 10mg Tablet 5.0 'S,Rs. 1342,Bayer Health Care
858,Apixaget 2.5mg Tablet 30.0 'S,Rs. 660,Getz Pharma
859,RBC 100mg/5ml Injection 1.0 amp,Rs. 1345.12,Genix Pharma
860,Plasaline NS 0.90% Injection 500.0 ml,Rs. 91.18,Otsuka Pakistan (Pvt) Ltd
861,Oem Lemon Sachet 1.0 'S,Rs. 272.82,Indus Pharma
862,Albumin Human 20% Injection 50.0 ml,"Rs. 8,300",Hakimsons Impex (Pvt) Ltd
863,Medisol 10% Injection 500.0 ml,Rs. 93.97,Medipak Limited
864,Haemaccel Injection 500.0 ml,Rs. 463.6,Sanofi-aventis
865,Normal Saline 0.90% Injection 25.0 ml,Rs. 19.48,Otsuka Pakistan (Pvt) Ltd
866,RBC Syrup 120.0 ml,Rs. 180.44,Genix Pharma
867,Medisol 10% Injection 1000.0 ml,Rs. 131.79,Medipak Limited
868,Transamin 500mg Capsule 10.0 'S,Rs. 223.7,Hilton Pharma
869,NISF Saline 0.45% Injection 500.0 ml,Rs. 50.16,Otsuka Pakistan (Pvt) Ltd
870,Pladexal 5% D5W + 0.9% NS Injection 500.0 ml,Rs. 99.32,Otsuka Pakistan (Pvt) Ltd
871,Pladex-5 D5W 5% Injection 100.0 ml,Rs. 74.80,Otsuka Pakistan (Pvt) Ltd
872,Pladexal 5% D5W + 0.9% NS Injection 1000.0 ml,Rs. 118.94,Otsuka Pakistan (Pvt) Ltd
873,Pladex-10 D5W 10% Injection 1000.0 ml,Rs. 141.01,Otsuka Pakistan (Pvt) Ltd
874,Pladexal-1/5 4.3% D5W + 0.18% NS Injection 500.0 ml,Rs. 84.48,Otsuka Pakistan (Pvt) Ltd
875,Plasaline NS 0.90% Injection 1000.0 ml,Rs. 100.87,Otsuka Pakistan (Pvt) Ltd
876,Pladex-5 D5W 5% Injection 1000.0 ml,Rs. 112.81,Otsuka Pakistan (Pvt) Ltd
877,Pladexal-1/2 5% D5W + 0.45% NS Injection 500.0 ml,Rs. 93.19,Otsuka Pakistan (Pvt) Ltd
878,Pladex-5 D5W 5% Injection 500.0 ml,Rs. 93.19,Otsuka Pakistan (Pvt) Ltd
879,Nimoden 30mg Tablet 10.0 'S,Rs. 492.8,High-Q Pharma
880,Btrol 500mg Capsule 10.0 'S,Rs. 154.75,Bosch Pharma
881,Xed 500mg Injection 5.0 ml,Rs. 182.21,Indus Pharma
882,Maxna 500mg5ML Injection 1.0 amp,Rs. 120.25,AGP Pharma
883,Xed 500mg Injection 5.0 ml,Rs. 80.17,Indus Pharma
884,Transamin 500mg Injection 5.0 ml,Rs. 109.61,Hilton Pharma
885,Xed 250mg Capsule 5.0 'S,Rs. 47.64,Indus Pharma
886,Brino 500mg Capsule 5.0 'S,Rs. 338.98,Sami Pharma
887,Btrol 250mg Capsule 10.0 'S,Rs. 86.13,Bosch Pharma
888,Transamin 250mg Capsule 10.0 'S,Rs. 111.2,Hilton Pharma
889,Transamin 250mg Ampule 5.0 ml,Rs. 60.16,Hilton Pharma
890,Progeffik 200mg Capsule 15.0 'S,Rs. 1372.83,RG Pharma
891,Traxacid 500mg Capsule 10.0 'S,Rs. 160.82,Asian Continental
892,Btrol 500mg Injection 5.0 ml,Rs. 76.91,Bosch Pharma
893,Doxium 500mg Capsule 10.0 'S,Rs. 419.47,AGP Pharma
894,Traxacid 500mg/5ml Injection 1.0 amp,Rs. 791.91,Asian Continental
895,Maxna 1gm Injection 10.0 ml,Rs. 154.68,AGP Pharma
896,Traxacid 250mg Capsule 10.0 'S,Rs. 73.57,Asian Continental
897,Maxna 500mg Capsule 10.0 'S,Rs. 155.76,AGP Pharma
898,Urgesin 10mg Tablet 10.0 'S,Rs. 880,AGP Pharma
899,Mibega 50mg Tablet 10.0 'S,Rs. 660,Getz Pharma
900,Orglu 80/80mg Tablet 10.0 'S,Rs. 230.93,Sami Pharma
901,Urgesin 5mg Tablet 10.0 'S,Rs. 464.64,AGP Pharma
902,Focin Ultra 3gm Sachet 1.0 'S,Rs. 350,Tabros Pharma (Pvt) Ltd
903,Mirabet 50mg Tablet 10.0 'S,Rs. 616,Ccl Pharma
904,Mibega 25mg Tablet 10.0 'S,Rs. 426.8,Getz Pharma
905,Dipcort 2%+1% Cream 15.0 gm,Rs. 75.68,Pharma Health Pakistan (Pvt) Ltd
906,Solifen 5mg Tablet 10.0 'S,Rs. 457.6,Getz Pharma
907,Solif 5mg Tablet 10.0 'S,Rs. 525.81,Genix Pharma
908,Vezitic 10mg Tablet 10.0 'S,Rs. 800,Ccl Pharma
909,Vezitic 5mg Tablet 10.0 'S,Rs. 422.4,Ccl Pharma
910,Solif 10mg Tablet 15.0 'S,Rs. 1056,Genix Pharma
911,Cefalor 500mg Capsule 6.0 'S,Rs. 305,Bosch Pharma
912,Maxil 500mg Capsule 10.0 'S,Rs. 103.02,Macter Pharma
913,Cefstar 250mg Injection 5.0 ml,Rs. 194.81,Barrett Hodgson
914,Inocef IV 2000mg Injection 1.0 vial,Rs. 619.03,Barrett Hodgson
915,Maxima 200mg Tablet 10.0 'S,Rs. 300,Macter Pharma
916,Ultima 125mg/5ml Drop 25.0 ml,Rs. 127.99,Macter Pharma
917,Ropen 1gm Injection 1.0 vial,"Rs. 2,509",Macter Pharma
918,Ultima 500mg Tablet 5.0 'S,Rs. 490,Macter Pharma
919,Ceflactam 2000mg Injection 1.0 vial,Rs. 451.54,Barrett Hodgson
920,Co-Amoxi 375mg Tablet 6.0 'S,Rs. 123.80,Macter Pharma
921,Co-Amoxi 312.5mg/5ml Suspension 60.0 ml,Rs. 159.36,Macter Pharma
922,Cefcom IV/IM 500mg Injection 1.0 vial,Rs. 180.73,Barrett Hodgson
923,Orpic 250mg Tablet 10.0 'S,Rs. 190.05,Scilife Pharma
924,Zeprodex Ear 0.3%+0.1% Drop 5.0 ml,Rs. 122.14,Sante Pharma
925,Maxil 250mg Capsule 10.0 'S,Rs. 45.84,Macter Pharma
926,Cefstar 500mg Injection 1.0 vial,Rs. 356.78,Barrett Hodgson
927,Augmentin BD 457mg/5ml Suspension 70.0 ml,Rs. 265.15,GSK Consumer Healthcare
928,Amclav 1gm Tablet 6.0 'S,Rs. 215.88,Highnoon Pharma
929,Amclav 62.5mg/ml Drop 20.0 ml,Rs. 171.98,Getz Pharma
930,Cipesta 250mg Tablet 10.0 'S,Rs. 167.25,Getz Pharma
931,Wobenzym-N Tablet 20.0 'S,Rs. 375.31,Pacific Pharmaceuticals Ltd
932,Phlogenzym Tablet 20.0 'S,Rs. 825.17,Pacific Pharmaceuticals Ltd
933,Cenova 200mg Tablet 14.0 'S,Rs. 437.58,Getz Pharma
934,Zonacin 250mg Capsule 10.0 'S,Rs. 298.28,Akhai Pharmaceuticals
935,Ventolin Respiratory 100mcg Liquid 20.0 ml,Rs. 45.91,GSK Consumer Healthcare
936,Montiget 4mg Sachet 1.0 'S,Rs. 295.68,Getz Pharma
937,Leflox 250mg Tablet 10.0 'S,Rs. 189.2,Getz Pharma
938,RespiCare 10mg Tablet 7.0 'S,Rs. 167.2,Genix Pharma
939,Lucast 5mg Tablet 10.0 'S,Rs. 267.50,AGP Pharma
940,Floaid 10mg Tablet 7.0 'S,Rs. 134.97,Abbott Laboratories
941,Asthotifen 1mg Tablet 10.0 'S,Rs. 325.67,Zafa Pharmaceutical Laboratories (Pvt) Ltd
942,Asthotifen Syrup 60.0 ml,Rs. 56.32,Zafa Pharmaceutical Laboratories (Pvt) Ltd
943,Fortide HFA Inhaler 200mcg/6mcg Inhaler 1.0 'S,Rs. 670.8,Getz Pharma
944,Aireez 10mg Tablet 10.0 'S,Rs. 219.27,PharmEvo
945,Britanyl 2.5mg Tablet 10.0 'S,Rs. 199.1,Barrett Hodgson
946,Inspirol 100 HFA 100mcg Spray 200.0 'S,Rs. 251.46,Macter Pharma
947,Brethin 1.5mg/5ml Syrup 60.0 ml,Rs. 35,Platinum Pharmaceuticals (Pvt) Ltd
948,Regulair 10mg Tablet 14.0 'S,Rs. 206.8,Werrick Pharma
949,Seretide DMI Evohaler 25/125mcg Spray 1.0 'S,"Rs. 1,196.88",GSK Consumer Healthcare
950,Seretide Diskus Evohaler 50/100mcg Spray 60.0 'S,Rs. 709.5,GSK Consumer Healthcare
951,Salmicort HFA Inhaler 25/250mcg Inhaler 1.0 'S,Rs. 731,Macter Pharma
952,Seretide DMI Evohaler 25/50mcg Spray 1.0 'S,Rs. 850.02,GSK Consumer Healthcare
953,Bekson Forte HFA Inhaler 250mcg Inhaler 1.0 'S,Rs. 455.8,Getz Pharma
954,Lukin 100mg Capsule 10.0 'S,Rs. 176,Horizon Pharma
955,Tercica 100mg/5ml Suspension 60.0 ml,Rs. 79.45,Sami Pharma
956,Proxen 250mg Tablet 15.0 'S,Rs. 110,Martin Dow
957,Mo Tu 15mg Tablet 10.0 'S,Rs. 105.78,S.J.Fazal Elahi (Pvt) Ltd
958,Rapicort 5mg Tablet 10.0 'S,Rs. 27.81,Tabros Pharma (Pvt) Ltd
959,Triton 0.10% Ointment 15.0 gm,Rs. 118,Mass Pharma (Pvt) Ltd
960,Brufen 600mg Tablet 12.0 'S,Rs. 60.21,Abbott Laboratories
961,Flexin 250mg Tablet 10.0 'S,Rs. 81.34,Abbott Laboratories
962,Synflex 550mg Tablet 10.0 'S,Rs. 518.54,Martin Dow
963,Orno 8mg Injection 2.0 ml,Rs. 66,Sami Pharma
964,Panadol Extend 665mg Tablet 10.0 'S,Rs. 56.84,GSK Consumer Healthcare
965,Nuzib 200mg Capsule 10.0 'S,Rs. 123.2,Bosch Pharma
966,Hy-Cortisone 100mg Injection 1.0 vial,Rs. 103.17,Cirin Pharmaceuticals (Pvt) Ltd
967,Lefanor 20mg Tablet 10.0 'S,Rs. 400,Macter Pharma
968,Orthofenac 50mg Tablet 20.0 'S,Rs. 108.5,Bosch Pharma
969,Orthofenac-SR 100mg Tablet 15.0 'S,Rs. 261.36,Bosch Pharma
970,Mobikare 1% Gel 20.0 gm,Rs. 95.89,Barrett Hodgson
971,Arnil 50 50mg Tablet 10.0 'S,Rs. 44,Brookes Pharma
972,Xoni-Fast 8mg Tablet 10.0 'S,Rs. 209.70,Macter Pharma
973,Cara 10mg Tablet 10.0 'S,Rs. 227.92,S.J.Fazal Elahi (Pvt) Ltd
974,Setak 20mg Tablet 7.0 'S,Rs. 193.6,S.J.Fazal Elahi (Pvt) Ltd
975,Xilica 100mg Capsule 7.0 'S,Rs. 170.72,PharmEvo
976,Rivotril 2.5mg/ml Drop 10.0 ml,Rs. 200,Martin Dow
977,Xilica 50mg Capsule 7.0 'S,Rs. 130.35,PharmEvo
978,Seroxat CR 25mg Tablet 10.0 'S,Rs. 457.26,GSK Consumer Healthcare
979,Xanax 0.25mg Tablet 10.0 'S,Rs. 53.12,Pfizer
980,Xilica 25mg Capsule 7.0 'S,Rs. 75.24,PharmEvo
981,Paromax CR 37.5mg Tablet 10.0 'S,Rs. 344.08,Genetics Pharma
982,Hilin 75mg Capsule 7.0 'S,Rs. 257.04,Highnoon Pharma
983,Hilin 150mg Capsule 7.0 'S,Rs. 178.64,Highnoon Pharma
984,Seradep 20mg Tablet 7.0 'S,Rs. 209.11,Barrett Hodgson
985,Prelin 75mg Capsule 7.0 'S,Rs. 163.94,Martin Dow
986,Seroxat CR 12.5mg Tablet 10.0 'S,Rs. 354.05,GSK Consumer Healthcare
987,Setak 5mg Tablet 7.0 'S,Rs. 101.2,S.J.Fazal Elahi (Pvt) Ltd
988,Xilica 150mg Capsule 7.0 'S,Rs. 218.29,PharmEvo
989,Plasare 20mg Tablet 10.0 'S,Rs. 466.4,S.J.Fazal Elahi (Pvt) Ltd
990,Revotril 2mg Tablet 10.0 'S,Rs. 102.37,Martin Dow
991,Rivotril 0.5mg Tablet 10.0 'S,Rs. 40.51,Martin Dow
992,Zavget 10mg Tablet 14.0 'S,Rs. 351.12,Getz Pharma
993,Gabica 50mg Capsule 7.0 'S,Rs. 175.56,Getz Pharma
994,Cipocain Ear 0.3%+0.05% Drop 5.0 ml,Rs. 112.01,Barrett Hodgson
995,Epival 250mg/5ml Syrup 120.0 ml,Rs. 168.28,Abbott Laboratories
996,Zeprocaine Ear 0.3%+5% Drop 5.0 ml,Rs. 126.01,Sante Pharma
997,Myfol 400mcg Tablet 10.0 'S,Rs. 136.95,RG Pharma
998,Bisleri-S 100mg/5ml Injection 1.0 amp,Rs. 310,Sami Pharma
999,RBC Syrup 120.0 ml,Rs. 180.44,Genix Pharma
1000,Folic Acid 5mg Tablet 100.0 'S,Rs. 51.04,Zafa Pharmaceutical Laboratories (Pvt) Ltd
1001,MomFolic 600mcg Tablet 15.0 'S,Rs. 180,Atco Lab Pharma
1002,Incobal 500mcg Injection 1.0 ml,Rs. 34.17,Indus Pharma
1003,Keplin 7.5mg Tablet 10.0 'S,Rs. 269.72,Genetics Pharma
1004,Neuromet 500mcg Tablet 10.0 'S,Rs. 123.2,Merck Pharma
1005,Hifolic 600mcg Tablet 10.0 'S,Rs. 343.2,Helix Pharma
1006,Heamocare 800mg/15ml Syrup 120.0 ml,Rs. 484,Himont Pharma
1007,Polymalt 100mg Tablet 10.0 'S,Rs. 110.88,High-Q Pharma
1008,MylAxon 500mcg Tablet 10.0 'S,Rs. 271.33,Barrett Hodgson
1009,Rubifer 50mg/ml Drop 15.0 ml,Rs. 308,AGP Pharma
1010,Biocobal 500mcg Injection 1.0 amp,Rs. 58.08,High-Q Pharma
1011,Rubifer Chewable 100mg Tablet 10.0 'S,Rs. 109.56,AGP Pharma
1012,Mecovate 500mcg Tablet 10.0 'S,Rs. 80.32,AGP Pharma
1013,Rubifer 50mg/5ml Syrup 120.0 ml,Rs. 218.13,AGP Pharma
1014,Rubiject 100mg/5ml Ampule 1.0 amp,Rs. 318.78,AGP Pharma
1015,Maltofer 50mg/ml Drop 30.0 ml,Rs. 227.78,Vifor Pharma
1016,Ferotein S 100mg/5ml Ampule 5.0 ml,Rs. 1408,Getz Pharma
1017,Nootropil 1mg/5ml Syrup 120.0 ml,Rs. 501.21,GSK Consumer Healthcare
1018,Alphacoline 250mg Injection 1.0 amp,Rs. 227.59,High-Q Pharma
1019,Stir-up 10mg Tablet 10.0 'S,Rs. 330,Nabiqasim Industries(Pvt) Ltd
1020,Exelon 3mg Capsule 14.0 'S,Rs. 1284.98,Novartis
1021,Citolin Syrup 30.0 ml,Rs. 853.6,Global Pharmaceuticals (Pvt) Ltd
1022,Demantin-10 10mg Tablet 10.0 'S,Rs. 1232,Cellgene Pharmaceuticals
1023,Evion 600mg Capsule 10.0 'S,Rs. 85.17,Martin Dow
1024,Tanakan 40mg Tablet 15.0 'S,Rs. 195.61,Atco Lab Pharma
1025,Citolin 1gm Injection 4.0 ml,Rs. 464.58,Global Pharmaceuticals (Pvt) Ltd
1026,Contine 10mg Tablet 14.0 'S,Rs. 550,Amarant Pharmaceuticals
1027,Donecept 10mg Tablet 10.0 'S,Rs. 266.86,Atco Lab Pharma
1028,Ceregin 1.5mg Tablet 30.0 'S,Rs. 241.12,Platinum Pharmaceuticals (Pvt) Ltd
1029,Donecept 5mg Tablet 10.0 'S,Rs. 191.64,Atco Lab Pharma
1030,Ebixa 10mg Tablet 14.0 'S,Rs. 10664.72,Lundbeck Pakistan (Pvt) Ltd
1031,Exelon 6mg Capsule 14.0 'S,Rs. 5559.07,Novartis
1032,Evion 400mg Capsule 10.0 'S,Rs. 62.46,Martin Dow
1033,Citograin 250mg Syrup 120.0 ml,Rs. 800,Amarant Pharmaceuticals
1034,Citolin 500mg Tablet 10.0 'S,Rs. 853.6,Global Pharmaceuticals (Pvt) Ltd
1035,Ebixa 20mg Tablet 14.0 'S,Rs. 8294.8,Lundbeck Pakistan (Pvt) Ltd
1036,Rement 10mg Tablet 15.0 'S,Rs. 870,High-Q Pharma
1037,Zolopat Fort Eye 0.20% Drop 5.0 ml,Rs. 419,Remington Pharma
1038,Asthotifen 1mg Tablet 10.0 'S,Rs. 325.67,Zafa Pharmaceutical Laboratories (Pvt) Ltd
1039,Victrin 10mg Tablet 10.0 'S,Rs. 73.04,Barrett Hodgson
1040,Covate 0.05% Lotion 60.0 ml,Rs. 148.16,Crystolite Pharma
1041,Synalar-N 0.025%+0.5% Cream 30.0 gm,Rs. 120.56,Mass Pharma (Pvt) Ltd
1042,Tarisin Nasal Spray (Aq) 25mcg Liquid 15.0 ml,Rs. 267.47,Sante Pharma
1043,Oxycrom Nasal 2%+0.025% Spray 15.0 ml,Rs. 234.05,Sante Pharma
1044,Fylod 400mg Tablet 10.0 'S,Rs. 162.8,Sami Pharma
1045,Fexofin 120mg Tablet 10.0 'S,Rs. 325.6,Horizon Pharma
1046,Cezine 10mg Tablet 10.0 'S,Rs. 53.68,PDH Pharmaceuticals
1047,Celestin 10mg Tablet 10.0 'S,Rs. 132.88,Mass Pharma (Pvt) Ltd
1048,Softin-F 60mg Tablet 10.0 'S,Rs. 55.66,Werrick Pharma
1049,Betnovate-N 0.1%+0.5% Ointment 20.0 gm,Rs. 75.89,GSK Consumer Healthcare
1050,Fexo 60mg Tablet 10.0 'S,Rs. 123,Hilton Pharma
1051,Xylor 1mg/ml Syrup 60.0 ml,Rs. 66,Atco Lab Pharma
1052,Inspra 10mg Tablet 14.0 'S,Rs. 316.8,Martin Dow
1053,Nasomet Nasal 50mcg Spray 140.0 'S,Rs. 555.79,Sante Pharma
1054,Exigentin 1mg/ml Syrup 60.0 ml,Rs. 59.34,Martin Dow
1055,Hy-Cortisone 100mg Injection 1.0 vial,Rs. 103.17,Cirin Pharmaceuticals (Pvt) Ltd
1056,Larinex 5mg Tablet 10.0 'S,Rs. 176,Getz Pharma
1057,Azinec Cream 10.0 gm,Rs. 158.42,Pacific Pharmaceuticals Ltd
1058,Cyprodiol 2mg/35mcg Tablet 21.0 'S,Rs. 333.04,Saffron Pharmaceuticals (Pvt) Ltd.
1059,Adapco 0.10% Gel 15.0 gm,Rs. 194.21,Atco Lab Pharma
1060,Brevoxyl 4% Cream 40.0 gm,Rs. 286.42,GSK Consumer Healthcare
1061,Gallet 0.10% Cream 15.0 gm,Rs. 207,Mass Pharma (Pvt) Ltd
1062,Minogen 100mg Tablet 10.0 'S,Rs. 297.44,Mass Pharma (Pvt) Ltd
1063,Acdermin Gel 20.0 gm,Rs. 239.46,Atco Lab Pharma
1064,Pimpal 0.10% Gel 15.0 gm,Rs. 207.26,Brookes Pharma
1065,Contimycin 100mg Capsule 10.0 'S,Rs. 66,Asian Continental
1066,Acnes Scar Care Gel 12.0 gm,Rs. 355.66,Atco Lab Pharma
1067,Clycin-T 1% Lotion 30.0 ml,Rs. 151.18,Shaigan Pharmaceuticals
1068,Acsolve 1% Gel 10.0 gm,Rs. 136.83,Atco Lab Pharma
1069,Zetro 500mg Tablet 3.0 'S,Rs. 170.59,Getz Pharma
1070,Arynoin Plus Gel 10.0 gm,Rs. 279.5,Mass Pharma (Pvt) Ltd
1071,Dalacin T 1% Lotion 30.0 ml,Rs. 212.82,Pfizer
1072,Clinacin 1% Gel 10.0 gm,Rs. 202.1,Martin Dow
1073,Skinoren 20% Cream 10.0 gm,Rs. 349,Bayer Health Care
1074,Clindamax 1% Lotion 30.0 ml,Rs. 148.08,Crystolite Pharma
1075,Clindamax 1% Gel 10.0 gm,Rs. 136.65,Crystolite Pharma
1076,Zetro 250mg Capsule 10.0 'S,Rs. 313.11,Getz Pharma
1077,Co-Zeal 10mg/25mg Tablet 10.0 'S,Rs. 50.6,Werrick Pharma
1078,Ciplet 200mg/100ml Injection 1.0 vial,Rs. 145.13,Indus Pharma
1079,Pantaz 20mg Tablet 14.0 'S,Rs. 203.68,Scilife Pharma
1080,Digas Classic Tablet 120.0 'S,Rs. 116.16,Medic Laboratories
1081,Apsin 40mg/5ml Suspension 120.0 ml,Rs. 150.70,Saffron Pharmaceuticals (Pvt) Ltd.
1082,Gastasid 40mg Capsule 7.0 'S,Rs. 242,Aspin Pharma
1083,Esso 20mg Capsule 14.0 'S,Rs. 207,Shaigan Pharmaceuticals
1084,Omeplus 40mg Capsule 7.0 'S,Rs. 167.50,Standpharm Pakistan Pvt Ltd
1085,Espra 20mg Capsule 7.0 'S,Rs. 220.7,Ccl Pharma
1086,Espra 40mg Capsule 7.0 'S,Rs. 404.8,Ccl Pharma
1087,Esvin 40mg Capsule 7.0 'S,Rs. 137.91,Martin Dow
1088,Zoltar 40mg Injection 1.0 vial,Rs. 259.6,PharmEvo
1089,Promto 10mg Tablet 10.0 'S,Rs. 264,Scilife Pharma
1090,Peptiban 40mg Tablet 10.0 'S,Rs. 154,Werrick Pharma
1091,Helezol 40mg Capsule 7.0 'S,Rs. 159.26,Biogenics Pakistan (Pvt) Ltd
1092,Dxl DR 30mg Capsule 10.0 'S,Rs. 135.3,Highnoon Pharma
1093,Peptiban 20mg Tablet 10.0 'S,Rs. 105.6,Werrick Pharma
1094,Espra 40mg Injection 1.0 vial,Rs. 277.2,Ccl Pharma
1095,Nexum 40mg Capsule 7.0 'S,Rs. 211.2,Getz Pharma
1096,Risek 20mg Capsule 7.0 'S,Rs. 129.8,Getz Pharma
